InvoiceNo,StockCode,Description,Quantity,InvoiceDate,UnitPrice,CustomerID,Country,ProductID,Category
INV-770487,STK0002,Laptop,2,2023-05-23,999.0,10095,Germany,2,Electronics
INV-809570,STK0009,Desk Lamp,6,2023-04-06,25.0,10028,Netherlands,9,Home
INV-629903,STK0010,Novel Book,2,2024-12-19,12.0,10070,Italy,10,Books
INV-331148,STK0008,Toaster,38,2025-02-16,35.0,10021,Italy,8,Home
INV-456778,STK0005,Jeans,10,2023-04-15,39.0,10012,Italy,5,Clothing
INV-201414,STK0006,Sneakers,23,2025-01-17,79.0,10059,Belgium,6,Clothing
INV-230889,STK0007,Blender,6,2024-09-25,45.0,10047,Portugal,7,Home
INV-301629,STK0002,Laptop,3,2023-03-23,999.0,10030,Germany,2,Electronics
INV-498591,STK0005,Jeans,30,2024-01-15,39.0,10046,Netherlands,5,Clothing
INV-802729,STK0005,Jeans,45,2024-09-15,39.0,10082,France,5,Clothing
INV-660086,STK0004,T-Shirt,11,2025-08-05,19.0,10082,Belgium,4,Clothing
INV-330283,STK0006,Sneakers,50,2023-02-02,79.0,10041,Italy,6,Clothing
INV-380746,STK0002,Laptop,14,2025-01-05,999.0,10041,Netherlands,2,Electronics
INV-787277,STK0008,Toaster,26,2023-05-27,35.0,10034,France,8,Home
INV-358607,STK0009,Desk Lamp,35,2025-07-08,25.0,10075,Italy,9,Home
INV-479580,STK0004,T-Shirt,9,2023-02-18,19.0,10015,France,4,Clothing
INV-757924,STK0003,Headphones,44,2024-01-26,59.0,10077,Ireland,3,Electronics
INV-654816,STK0005,Jeans,36,2025-01-08,0.0,10015,Belgium,5,Clothing
INV-887352,STK0005,Jeans,50,2024-03-21,39.0,10021,Ireland,5,Clothing
INV-103402,STK0005,Jeans,33,2023-04-19,39.0,10081,Norway,5,Clothing
INV-982554,STK0009,Desk Lamp,39,2023-06-15,25.0,10070,Belgium,9,Home
INV-100599,STK0010,Novel Book,21,2024-01-07,12.0,10040,Netherlands,10,Books
INV-160738,STK0004,T-Shirt,37,2024-05-12,19.0,10009,Belgium,4,Clothing
INV-903035,STK0003,Headphones,9,2023-06-19,59.0,10034,Belgium,3,Electronics
INV-736059,STK0007,Blender,14,2024-12-07,45.0,10026,Norway,7,Home
INV-518373,STK0006,Sneakers,29,2023-09-11,79.0,10029,Germany,6,Clothing
INV-454508,STK0001,Smartphone,38,2023-01-08,499.0,10010,United Kingdom,1,Electronics
INV-340062,STK0002,Laptop,3,2023-09-01,999.0,10036,Ireland,2,Electronics
INV-324643,STK0009,Desk Lamp,9,2024-08-13,25.0,10061,Netherlands,9,Home
INV-922733,STK0008,Toaster,27,2024-03-17,35.0,10046,Italy,8,Home
INV-531071,STK0008,Toaster,47,2024-10-23,35.0,10013,United Kingdom,8,Home
INV-522179,STK0006,Sneakers,7,2024-04-04,79.0,10018,Italy,6,Clothing
INV-292401,STK0005,Jeans,30,2024-03-29,39.0,10071,Germany,5,Clothing
INV-153045,STK0009,Desk Lamp,1,2025-05-19,25.0,10031,France,9,Home
INV-526156,STK0008,Toaster,31,2023-03-02,35.0,10022,Italy,8,Home
INV-102260,STK0007,Blender,17,2023-10-20,45.0,10055,Belgium,7,Home
INV-794022,STK0008,Toaster,10,2023-03-01,35.0,10075,Belgium,8,Home
INV-163918,STK0006,Sneakers,4,2025-07-30,79.0,10068,France,6,Clothing
INV-159642,STK0009,Desk Lamp,6,2023-03-11,25.0,10087,Netherlands,9,Home
INV-523389,STK0002,Laptop,37,2024-09-26,999.0,10011,Italy,2,Electronics
INV-789305,STK0010,Novel Book,37,2023-07-29,12.0,10086,Spain,10,Books
INV-350280,STK0005,Jeans,26,2024-04-13,39.0,10041,Germany,5,Clothing
INV-109767,STK0008,Toaster,40,2023-03-17,35.0,10069,Netherlands,8,Home
INV-630458,STK0005,Jeans,9,2025-06-19,39.0,10032,Spain,5,Clothing
INV-398830,STK0003,Headphones,29,2024-09-18,59.0,10084,Belgium,3,Electronics
INV-108203,STK0009,Desk Lamp,20,2025-06-18,25.0,10018,Norway,9,Home
INV-221035,STK0002,Laptop,48,2024-09-11,999.0,10027,Spain,2,Electronics
INV-313487,STK0005,Jeans,33,2025-05-16,39.0,10007,Germany,5,Clothing
INV-765095,STK0007,Blender,18,2023-05-14,45.0,10082,Norway,7,Home
INV-269430,STK0008,Toaster,36,2023-04-25,35.0,10010,France,8,Home
INV-672092,STK0001,Smartphone,24,2023-05-11,499.0,10006,Norway,1,Electronics
INV-482364,STK0001,Smartphone,23,2023-04-16,499.0,10046,Belgium,1,Electronics
INV-526117,STK0010,Novel Book,48,2025-06-04,12.0,10021,France,10,Books
INV-532322,STK0001,Smartphone,12,2025-08-11,499.0,10053,Netherlands,1,Electronics
INV-379766,STK0003,Headphones,45,2025-05-29,59.0,10061,Netherlands,3,Electronics
INV-309267,STK0008,Toaster,23,2023-08-22,35.0,10029,United Kingdom,8,Home
INV-792094,STK0004,T-Shirt,26,2025-03-02,19.0,10036,Spain,4,Clothing
INV-772642,STK0009,Desk Lamp,26,2023-12-06,25.0,10004,Germany,9,Home
INV-373903,STK0003,Headphones,38,2023-04-22,59.0,10077,Italy,3,Electronics
INV-462479,STK0006,Sneakers,28,2024-01-30,79.0,10074,Netherlands,6,Clothing
INV-367095,STK0001,Smartphone,46,2025-04-05,499.0,10069,Netherlands,1,Electronics
INV-481913,STK0007,Blender,5,2024-09-30,45.0,10041,Germany,7,Home
INV-854717,STK0005,Jeans,33,2024-02-17,39.0,10090,Norway,5,Clothing
INV-681343,STK0003,Headphones,13,2024-11-24,59.0,10096,France,3,Electronics
INV-745414,STK0010,Novel Book,20,2023-11-08,12.0,10037,Netherlands,10,Books
INV-550770,STK0010,Novel Book,39,2024-03-28,12.0,10087,Netherlands,10,Books
INV-636004,STK0008,Toaster,48,2024-06-11,35.0,10085,Portugal,8,Home
INV-451470,STK0002,Laptop,49,2025-04-05,999.0,10026,France,2,Electronics
INV-125611,STK0001,Smartphone,16,2025-02-25,499.0,10010,Ireland,1,Electronics
INV-534572,STK0010,Novel Book,13,2024-02-14,12.0,10032,France,10,Books
INV-787926,STK0001,Smartphone,49,2025-03-08,499.0,10055,Netherlands,1,Electronics
INV-284430,STK0009,Desk Lamp,30,2025-05-18,25.0,10016,Ireland,9,Home
INV-239816,STK0008,Toaster,43,2023-11-21,35.0,10097,Ireland,8,Home
INV-742412,STK0009,Desk Lamp,28,2025-07-07,25.0,10021,Ireland,9,Home
INV-571932,STK0005,Jeans,49,2025-02-23,39.0,10100,Belgium,5,Clothing
INV-608136,STK0004,T-Shirt,18,2023-08-29,19.0,10035,Spain,4,Clothing
INV-435239,STK0009,Desk Lamp,6,2024-12-11,25.0,10020,Netherlands,9,Home
INV-167348,STK0007,Blender,27,2023-03-05,45.0,10027,Italy,7,Home
INV-508396,STK0010,Novel Book,-45,2024-08-12,12.0,10049,Ireland,10,Books
INV-106182,STK0006,Sneakers,20,2025-05-05,79.0,10054,Belgium,6,Clothing
INV-883826,STK0009,Desk Lamp,39,2023-10-07,25.0,10056,Ireland,9,Home
INV-130434,STK0007,Blender,22,2025-01-11,45.0,10022,Ireland,7,Home
INV-233827,STK0010,Novel Book,35,2024-07-31,12.0,10085,United Kingdom,10,Books
INV-188025,STK0007,Blender,9,2023-09-24,45.0,10049,Spain,7,Home
INV-321941,STK0008,Toaster,21,2023-10-12,35.0,10097,Italy,8,Home
INV-364525,STK0002,Laptop,-31,2023-12-25,999.0,10029,Germany,2,Electronics
INV-919182,STK0001,Smartphone,49,2025-05-09,499.0,10003,Portugal,1,Electronics
INV-259784,STK0004,T-Shirt,9,2023-08-12,19.0,10060,Norway,4,Clothing
INV-904150,STK0006,Sneakers,11,2025-01-05,79.0,10015,France,6,Clothing
INV-426147,STK0002,Laptop,38,2024-11-24,999.0,10049,Italy,2,Electronics
INV-849747,STK0004,T-Shirt,5,2023-09-06,19.0,10014,Norway,4,Clothing
INV-991597,STK0010,Novel Book,8,2023-02-12,12.0,10045,Belgium,10,Books
INV-549186,STK0006,Sneakers,5,2025-05-19,79.0,10054,Ireland,6,Clothing
INV-210665,STK0007,Blender,24,2024-12-25,45.0,10020,Italy,7,Home
INV-284692,STK0009,Desk Lamp,42,2024-07-05,25.0,10100,Ireland,9,Home
INV-587455,STK0007,Blender,47,2023-09-09,45.0,10012,Norway,7,Home
INV-572700,STK0004,T-Shirt,49,2024-01-24,19.0,10044,United Kingdom,4,Clothing
INV-618317,STK0006,Sneakers,12,2023-09-22,79.0,10044,Norway,6,Clothing
INV-725113,STK0005,Jeans,-36,2023-03-29,39.0,10031,Italy,5,Clothing
INV-612311,STK0009,Desk Lamp,49,2024-12-29,25.0,10063,Ireland,9,Home
INV-931450,STK0001,Smartphone,6,2023-09-07,499.0,10040,Portugal,1,Electronics
INV-486945,STK0008,Toaster,36,2025-02-02,35.0,10071,Spain,8,Home
INV-468900,STK0008,Toaster,18,2025-01-08,35.0,10025,Spain,8,Home
INV-225362,STK0009,Desk Lamp,49,2025-01-26,25.0,10062,Norway,9,Home
INV-859782,STK0010,Novel Book,49,2023-04-13,12.0,10025,Norway,10,Books
INV-338533,STK0006,Sneakers,12,2023-05-10,79.0,10036,United Kingdom,6,Clothing
INV-157174,STK0009,Desk Lamp,19,2025-06-08,25.0,10097,Ireland,9,Home
INV-207570,STK0001,Smartphone,37,2023-12-15,499.0,10024,United Kingdom,1,Electronics
INV-364742,STK0008,Toaster,8,2023-03-17,35.0,10074,United Kingdom,8,Home
INV-259097,STK0003,Headphones,37,2023-09-12,59.0,10016,Belgium,3,Electronics
INV-901577,STK0007,Blender,39,2025-03-05,45.0,10067,Italy,7,Home
INV-572398,STK0008,Toaster,20,2023-11-09,35.0,10073,Portugal,8,Home
INV-163156,STK0010,Novel Book,48,2024-10-02,12.0,10028,Norway,10,Books
INV-792509,STK0002,Laptop,11,2023-06-10,999.0,10001,Italy,2,Electronics
INV-572387,STK0010,Novel Book,31,2024-12-24,12.0,10037,Ireland,10,Books
INV-174637,STK0004,T-Shirt,17,2024-11-08,19.0,10026,Italy,4,Clothing
INV-220351,STK0009,Desk Lamp,15,2025-04-26,25.0,10019,Germany,9,Home
INV-162535,STK0003,Headphones,20,2025-08-01,59.0,10037,Ireland,3,Electronics
INV-230394,STK0008,Toaster,45,2023-10-06,35.0,10065,Belgium,8,Home
INV-617781,STK0008,Toaster,6,2025-01-22,35.0,10042,Portugal,8,Home
INV-362529,STK0001,Smartphone,6,2025-05-31,499.0,10074,Portugal,1,Electronics
INV-121753,STK0005,Jeans,37,2024-04-26,39.0,10067,Ireland,5,Clothing
INV-391668,STK0003,Headphones,38,2023-04-04,59.0,10061,Spain,3,Electronics
INV-528184,STK0006,Sneakers,21,2023-12-04,79.0,10053,Ireland,6,Clothing
INV-402218,STK0007,Blender,49,2023-11-19,45.0,10033,Spain,7,Home
INV-221552,STK0007,Blender,33,2025-06-09,0.0,10070,Ireland,7,Home
INV-533321,STK0001,Smartphone,13,2024-05-25,499.0,10081,Ireland,1,Electronics
INV-896907,STK0001,Smartphone,14,2023-10-22,499.0,10057,Ireland,1,Electronics
INV-227324,STK0001,Smartphone,41,2023-06-12,499.0,10040,Belgium,1,Electronics
INV-114338,STK0009,Desk Lamp,27,2025-07-23,25.0,10015,Ireland,9,Home
INV-223172,STK0003,Headphones,32,2024-12-23,59.0,10035,Italy,3,Electronics
INV-975271,STK0008,Toaster,31,2024-01-28,35.0,10025,Portugal,8,Home
INV-632929,STK0003,Headphones,5,2024-02-29,59.0,10044,Belgium,3,Electronics
INV-380150,STK0001,Smartphone,19,2024-08-16,499.0,10085,Ireland,1,Electronics
INV-255813,STK0008,Toaster,35,2025-02-20,35.0,10070,Italy,8,Home
INV-577463,STK0006,Sneakers,13,2024-01-28,79.0,10030,Italy,6,Clothing
INV-145767,STK0006,Sneakers,48,2024-01-26,79.0,10050,France,6,Clothing
INV-619389,STK0001,Smartphone,9,2025-06-09,499.0,10013,Ireland,1,Electronics
INV-204555,STK0009,Desk Lamp,-30,2025-06-10,25.0,10084,France,9,Home
INV-178463,STK0008,Toaster,17,2024-10-27,35.0,10011,Spain,8,Home
INV-993744,STK0009,Desk Lamp,25,2025-06-27,25.0,10098,Ireland,9,Home
INV-667296,STK0001,Smartphone,40,2025-08-01,499.0,10037,Netherlands,1,Electronics
INV-883041,STK0002,Laptop,28,2024-12-21,999.0,10013,Ireland,2,Electronics
INV-274446,STK0005,Jeans,2,2023-10-28,39.0,10046,Spain,5,Clothing
INV-551607,STK0003,Headphones,16,2025-03-22,59.0,10024,France,3,Electronics
INV-283573,STK0002,Laptop,40,2023-09-04,999.0,10064,Portugal,2,Electronics
INV-250069,STK0004,T-Shirt,30,2024-11-13,19.0,10002,Ireland,4,Clothing
INV-401603,STK0009,Desk Lamp,11,2024-08-24,25.0,10039,Italy,9,Home
INV-823846,STK0005,Jeans,30,2024-01-29,39.0,10062,Germany,5,Clothing
INV-348728,STK0007,Blender,37,2024-12-17,45.0,10038,United Kingdom,7,Home
INV-970357,STK0007,Blender,-18,2025-03-07,45.0,10096,United Kingdom,7,Home
INV-735863,STK0008,Toaster,19,2025-04-01,35.0,10046,Netherlands,8,Home
INV-767542,STK0004,T-Shirt,40,2025-02-24,19.0,10085,France,4,Clothing
INV-758765,STK0002,Laptop,41,2024-03-27,999.0,10005,Portugal,2,Electronics
INV-482584,STK0003,Headphones,6,2024-03-01,59.0,10023,Netherlands,3,Electronics
INV-238579,STK0009,Desk Lamp,24,2025-04-30,25.0,10022,Norway,9,Home
INV-964749,STK0008,Toaster,19,2023-04-28,35.0,10060,Germany,8,Home
INV-247594,STK0004,T-Shirt,44,2025-05-16,19.0,10072,Spain,4,Clothing
INV-194689,STK0007,Blender,1,2024-01-13,45.0,10087,Norway,7,Home
INV-712955,STK0007,Blender,41,2023-08-28,45.0,10061,United Kingdom,7,Home
INV-749641,STK0009,Desk Lamp,21,2023-03-06,25.0,10082,Ireland,9,Home
INV-835132,STK0005,Jeans,42,2023-02-08,39.0,10039,Ireland,5,Clothing
INV-221761,STK0002,Laptop,16,2024-04-09,999.0,10048,Belgium,2,Electronics
INV-539486,STK0010,Novel Book,48,2024-11-01,12.0,10013,Ireland,10,Books
INV-745558,STK0007,Blender,18,2024-03-30,45.0,10057,Netherlands,7,Home
INV-997004,STK0006,Sneakers,7,2025-07-12,79.0,10083,Spain,6,Clothing
INV-163491,STK0007,Blender,18,2025-05-18,45.0,10059,Germany,7,Home
INV-794963,STK0004,T-Shirt,42,2023-02-21,19.0,10043,Netherlands,4,Clothing
INV-232040,STK0010,Novel Book,14,2023-08-01,12.0,10076,Netherlands,10,Books
INV-952547,STK0004,T-Shirt,22,2024-09-02,19.0,10001,Norway,4,Clothing
INV-251716,STK0003,Headphones,35,2024-11-07,59.0,10004,France,3,Electronics
INV-115582,STK0006,Sneakers,16,2023-09-29,0.0,10007,France,6,Clothing
INV-877747,STK0007,Blender,34,2024-04-04,45.0,10100,Spain,7,Home
INV-638169,STK0010,Novel Book,7,2024-09-21,12.0,10006,Belgium,10,Books
INV-416282,STK0008,Toaster,42,2024-05-05,35.0,10052,Italy,8,Home
INV-819425,STK0002,Laptop,32,2025-07-09,999.0,10011,Spain,2,Electronics
INV-737846,STK0003,Headphones,5,2024-08-22,59.0,10071,Spain,3,Electronics
INV-499407,STK0010,Novel Book,34,2024-03-16,12.0,10013,Germany,10,Books
INV-994217,STK0009,Desk Lamp,47,2025-06-28,25.0,10030,Italy,9,Home
INV-455395,STK0008,Toaster,26,2024-03-13,35.0,10041,Norway,8,Home
INV-492483,STK0003,Headphones,44,2025-05-01,59.0,10011,Germany,3,Electronics
INV-552855,STK0002,Laptop,48,2024-07-23,999.0,10008,Portugal,2,Electronics
INV-688866,STK0009,Desk Lamp,22,2025-06-13,25.0,10086,Italy,9,Home
INV-856086,STK0001,Smartphone,19,2024-08-14,499.0,10065,Netherlands,1,Electronics
INV-262246,STK0008,Toaster,15,2024-07-23,35.0,10048,Germany,8,Home
INV-899649,STK0005,Jeans,37,2024-07-28,39.0,10099,Portugal,5,Clothing
INV-743378,STK0009,Desk Lamp,2,2024-12-11,25.0,10035,United Kingdom,9,Home
INV-289179,STK0005,Jeans,45,2023-12-26,39.0,10001,France,5,Clothing
INV-250210,STK0010,Novel Book,43,2024-10-10,12.0,10004,Germany,10,Books
INV-882354,STK0009,Desk Lamp,14,2023-06-11,25.0,10048,Norway,9,Home
INV-856648,STK0006,Sneakers,50,2025-06-23,79.0,10007,France,6,Clothing
INV-265056,STK0010,Novel Book,4,2024-11-08,12.0,10055,Ireland,10,Books
INV-736565,STK0008,Toaster,27,2023-04-27,35.0,10045,Italy,8,Home
INV-216276,STK0005,Jeans,44,2024-11-14,39.0,10040,United Kingdom,5,Clothing
INV-331230,STK0007,Blender,39,2023-08-05,45.0,10099,France,7,Home
INV-901280,STK0005,Jeans,19,2025-02-03,0.0,10056,France,5,Clothing
INV-235461,STK0007,Blender,35,2025-05-03,45.0,10086,Spain,7,Home
INV-175576,STK0007,Blender,48,2025-08-01,0.0,10010,Spain,7,Home
INV-703727,STK0007,Blender,37,2023-10-24,45.0,10015,Italy,7,Home
INV-121869,STK0006,Sneakers,11,2025-05-01,79.0,10089,Spain,6,Clothing
INV-192410,STK0007,Blender,7,2024-06-20,45.0,10011,Italy,7,Home
INV-425346,STK0006,Sneakers,15,2024-06-06,79.0,10082,Germany,6,Clothing
INV-656379,STK0009,Desk Lamp,13,2025-01-14,25.0,10083,France,9,Home
INV-347745,STK0002,Laptop,10,2023-06-06,999.0,10098,Germany,2,Electronics
INV-285751,STK0008,Toaster,30,2024-04-04,35.0,10088,Portugal,8,Home
INV-774225,STK0010,Novel Book,21,2023-06-04,12.0,10057,Germany,10,Books
INV-591699,STK0008,Toaster,41,2023-02-27,35.0,10046,Belgium,8,Home
INV-177794,STK0005,Jeans,30,2025-05-01,39.0,10037,Germany,5,Clothing
INV-775981,STK0002,Laptop,40,2024-08-17,999.0,10071,United Kingdom,2,Electronics
INV-571579,STK0010,Novel Book,42,2024-05-28,12.0,10020,United Kingdom,10,Books
INV-572407,STK0002,Laptop,22,2024-10-23,999.0,10023,United Kingdom,2,Electronics
INV-359778,STK0008,Toaster,29,2024-01-08,35.0,10048,Norway,8,Home
INV-506235,STK0007,Blender,50,2025-03-19,45.0,10081,Spain,7,Home
INV-169113,STK0006,Sneakers,7,2023-09-16,79.0,10093,Portugal,6,Clothing
INV-257677,STK0006,Sneakers,6,2023-12-25,79.0,10040,Italy,6,Clothing
INV-235215,STK0010,Novel Book,46,2024-01-21,12.0,10083,Spain,10,Books
INV-952686,STK0003,Headphones,43,2024-12-02,59.0,10068,Germany,3,Electronics
INV-777406,STK0007,Blender,33,2023-07-04,45.0,10028,Spain,7,Home
INV-903373,STK0008,Toaster,13,2023-03-21,35.0,10038,Germany,8,Home
INV-632351,STK0009,Desk Lamp,48,2023-12-11,25.0,10099,Portugal,9,Home
INV-237414,STK0010,Novel Book,25,2024-12-10,12.0,10099,Portugal,10,Books
INV-948343,STK0003,Headphones,47,2024-11-23,59.0,10093,Netherlands,3,Electronics
INV-565776,STK0010,Novel Book,19,2023-08-28,12.0,10069,Netherlands,10,Books
INV-424500,STK0008,Toaster,13,2024-03-27,35.0,10060,Norway,8,Home
INV-915922,STK0007,Blender,33,2025-04-16,45.0,10026,Portugal,7,Home
INV-245121,STK0005,Jeans,4,2024-07-21,39.0,10014,Belgium,5,Clothing
INV-992512,STK0002,Laptop,19,2024-04-05,999.0,10066,France,2,Electronics
INV-971415,STK0007,Blender,6,2024-04-06,45.0,10045,United Kingdom,7,Home
INV-535050,STK0001,Smartphone,26,2023-03-25,499.0,10048,Netherlands,1,Electronics
INV-129556,STK0006,Sneakers,7,2025-03-21,79.0,10019,France,6,Clothing
INV-140163,STK0005,Jeans,31,2024-12-23,39.0,10061,Ireland,5,Clothing
INV-745239,STK0001,Smartphone,-6,2023-06-03,499.0,10071,Portugal,1,Electronics
INV-653408,STK0007,Blender,8,2023-05-05,45.0,10007,Netherlands,7,Home
INV-540218,STK0010,Novel Book,30,2024-05-26,12.0,10077,Belgium,10,Books
INV-117233,STK0009,Desk Lamp,37,2024-03-15,25.0,10001,Portugal,9,Home
INV-469954,STK0004,T-Shirt,37,2023-03-29,19.0,10068,Spain,4,Clothing
INV-170966,STK0009,Desk Lamp,35,2024-07-21,25.0,10003,Italy,9,Home
INV-592972,STK0001,Smartphone,41,2025-02-04,499.0,10003,Spain,1,Electronics
INV-926823,STK0002,Laptop,23,2023-04-17,999.0,10099,Portugal,2,Electronics
INV-870899,STK0006,Sneakers,9,2025-04-13,79.0,10083,France,6,Clothing
INV-970720,STK0008,Toaster,45,2023-05-19,35.0,10009,Ireland,8,Home
INV-138780,STK0005,Jeans,13,2023-02-12,39.0,10041,Norway,5,Clothing
INV-640418,STK0007,Blender,35,2024-10-24,45.0,10025,Norway,7,Home
INV-474314,STK0001,Smartphone,42,2024-01-12,499.0,10056,Italy,1,Electronics
INV-879414,STK0008,Toaster,25,2024-12-09,35.0,10064,Spain,8,Home
INV-936020,STK0009,Desk Lamp,18,2023-03-22,25.0,10056,Portugal,9,Home
INV-962287,STK0003,Headphones,35,2023-12-02,59.0,10085,Norway,3,Electronics
INV-421384,STK0008,Toaster,39,2024-03-30,35.0,10045,Ireland,8,Home
INV-144412,STK0006,Sneakers,40,2025-03-21,79.0,10008,Germany,6,Clothing
INV-803787,STK0007,Blender,24,2023-06-13,45.0,10004,France,7,Home
INV-989894,STK0010,Novel Book,44,2023-03-10,12.0,10031,Spain,10,Books
INV-479742,STK0007,Blender,37,2024-04-05,45.0,10048,Spain,7,Home
INV-565504,STK0002,Laptop,37,2023-11-18,999.0,10084,Norway,2,Electronics
INV-361736,STK0002,Laptop,2,2024-02-01,999.0,10072,Germany,2,Electronics
INV-374492,STK0005,Jeans,46,2023-10-20,39.0,10089,Ireland,5,Clothing
INV-309902,STK0002,Laptop,9,2025-07-09,999.0,10092,Ireland,2,Electronics
INV-192055,STK0006,Sneakers,43,2024-07-09,79.0,10038,Norway,6,Clothing
INV-992717,STK0003,Headphones,46,2023-06-28,59.0,10047,Belgium,3,Electronics
INV-335134,STK0002,Laptop,13,2024-05-20,999.0,10004,Spain,2,Electronics
INV-680933,STK0010,Novel Book,24,2023-05-13,12.0,10079,Germany,10,Books
INV-168941,STK0005,Jeans,26,2024-06-22,39.0,10053,Italy,5,Clothing
INV-963333,STK0010,Novel Book,5,2023-03-17,12.0,10058,Ireland,10,Books
INV-813145,STK0009,Desk Lamp,23,2024-07-18,25.0,10082,Portugal,9,Home
INV-290802,STK0003,Headphones,28,2025-05-01,59.0,10016,Belgium,3,Electronics
INV-260448,STK0005,Jeans,11,2023-08-19,39.0,10045,Belgium,5,Clothing
INV-397846,STK0002,Laptop,17,2023-10-09,999.0,10017,Norway,2,Electronics
INV-744274,STK0009,Desk Lamp,6,2024-08-17,25.0,10020,France,9,Home
INV-790731,STK0010,Novel Book,47,2025-08-04,12.0,10073,United Kingdom,10,Books
INV-965322,STK0001,Smartphone,6,2024-08-13,499.0,10034,Netherlands,1,Electronics
INV-904214,STK0010,Novel Book,27,2025-06-29,12.0,10081,Belgium,10,Books
INV-403742,STK0005,Jeans,31,2024-02-20,39.0,10039,Ireland,5,Clothing
INV-176517,STK0001,Smartphone,11,2023-07-28,499.0,10044,Portugal,1,Electronics
INV-250647,STK0006,Sneakers,46,2023-12-20,79.0,10052,France,6,Clothing
INV-897615,STK0006,Sneakers,33,2024-04-22,79.0,10016,Norway,6,Clothing
INV-571435,STK0004,T-Shirt,10,2024-01-29,19.0,10079,Italy,4,Clothing
INV-360330,STK0003,Headphones,21,2023-07-14,59.0,10098,France,3,Electronics
INV-622469,STK0009,Desk Lamp,30,2023-01-24,25.0,10012,Italy,9,Home
INV-629996,STK0008,Toaster,16,2023-02-21,35.0,10037,Ireland,8,Home
INV-726543,STK0008,Toaster,19,2024-03-17,35.0,10018,Norway,8,Home
INV-862847,STK0006,Sneakers,49,2023-02-22,79.0,10073,Belgium,6,Clothing
INV-304110,STK0006,Sneakers,36,2024-04-06,79.0,10098,Belgium,6,Clothing
INV-393308,STK0010,Novel Book,44,2023-04-10,12.0,10051,Spain,10,Books
INV-933510,STK0006,Sneakers,36,2023-07-23,79.0,10078,Belgium,6,Clothing
INV-520884,STK0009,Desk Lamp,3,2023-12-08,25.0,10061,Belgium,9,Home
INV-579187,STK0003,Headphones,39,2025-08-11,59.0,10079,Spain,3,Electronics
INV-270395,STK0007,Blender,40,2023-12-11,45.0,10065,Belgium,7,Home
INV-658198,STK0008,Toaster,46,2023-01-18,35.0,10048,Spain,8,Home
INV-806537,STK0002,Laptop,27,2025-01-12,999.0,10089,United Kingdom,2,Electronics
INV-725905,STK0008,Toaster,17,2025-03-05,35.0,10075,Portugal,8,Home
INV-338596,STK0001,Smartphone,38,2025-01-08,499.0,10080,Italy,1,Electronics
INV-254954,STK0004,T-Shirt,3,2023-07-15,19.0,10003,Ireland,4,Clothing
INV-428930,STK0007,Blender,10,2024-05-28,45.0,10100,Portugal,7,Home
INV-594514,STK0001,Smartphone,46,2023-11-29,499.0,10085,Ireland,1,Electronics
INV-651002,STK0007,Blender,21,2024-06-29,45.0,10044,Belgium,7,Home
INV-471496,STK0005,Jeans,40,2023-10-13,39.0,10072,Norway,5,Clothing
INV-335790,STK0005,Jeans,50,2024-12-22,39.0,10063,Spain,5,Clothing
INV-603110,STK0006,Sneakers,36,2023-10-08,79.0,10037,Germany,6,Clothing
INV-701334,STK0009,Desk Lamp,25,2023-12-20,25.0,10099,France,9,Home
INV-404561,STK0001,Smartphone,19,2025-08-04,499.0,10057,Norway,1,Electronics
INV-883641,STK0008,Toaster,14,2024-07-29,35.0,10090,Norway,8,Home
INV-243941,STK0002,Laptop,40,2023-02-21,999.0,10086,Belgium,2,Electronics
INV-336633,STK0004,T-Shirt,4,2024-04-28,19.0,10013,France,4,Clothing
INV-105433,STK0009,Desk Lamp,11,2025-06-18,25.0,10061,Ireland,9,Home
INV-782139,STK0004,T-Shirt,49,2024-10-23,19.0,10008,Germany,4,Clothing
INV-783984,STK0010,Novel Book,15,2023-02-08,12.0,10023,Italy,10,Books
INV-978292,STK0003,Headphones,3,2024-05-22,59.0,10024,Norway,3,Electronics
INV-139286,STK0001,Smartphone,20,2023-12-10,499.0,10037,Ireland,1,Electronics
INV-772464,STK0009,Desk Lamp,34,2025-05-21,25.0,10065,Ireland,9,Home
INV-386090,STK0004,T-Shirt,8,2024-10-25,19.0,10033,France,4,Clothing
INV-114768,STK0006,Sneakers,19,2023-06-29,79.0,10079,Italy,6,Clothing
INV-967161,STK0007,Blender,33,2023-04-08,45.0,10024,France,7,Home
INV-600646,STK0006,Sneakers,-16,2024-04-02,79.0,10097,Norway,6,Clothing
INV-445637,STK0005,Jeans,38,2024-10-31,0.0,10047,Netherlands,5,Clothing
INV-165142,STK0002,Laptop,30,2024-05-29,999.0,10091,Norway,2,Electronics
INV-823821,STK0002,Laptop,41,2024-09-21,999.0,10029,Netherlands,2,Electronics
INV-240057,STK0008,Toaster,10,2024-01-18,35.0,10054,Belgium,8,Home
INV-593699,STK0009,Desk Lamp,43,2024-11-27,25.0,10097,Portugal,9,Home
INV-925618,STK0002,Laptop,34,2023-03-21,999.0,10073,Germany,2,Electronics
INV-164758,STK0009,Desk Lamp,33,2023-06-18,25.0,10042,Belgium,9,Home
INV-563303,STK0002,Laptop,44,2023-04-04,999.0,10066,Ireland,2,Electronics
INV-947975,STK0001,Smartphone,30,2024-07-31,499.0,10008,Belgium,1,Electronics
INV-584838,STK0005,Jeans,47,2023-01-04,39.0,10096,Netherlands,5,Clothing
INV-706403,STK0002,Laptop,3,2024-07-08,999.0,10008,Germany,2,Electronics
INV-595002,STK0001,Smartphone,19,2025-02-23,499.0,10083,Italy,1,Electronics
INV-492650,STK0007,Blender,29,2024-01-20,45.0,10011,Belgium,7,Home
INV-239449,STK0006,Sneakers,8,2024-06-25,79.0,10017,Netherlands,6,Clothing
INV-975373,STK0001,Smartphone,49,2024-11-20,499.0,10093,Belgium,1,Electronics
INV-544730,STK0009,Desk Lamp,25,2023-12-21,25.0,10020,Norway,9,Home
INV-297636,STK0002,Laptop,3,2025-02-23,999.0,10003,Netherlands,2,Electronics
INV-316092,STK0002,Laptop,7,2024-11-19,999.0,10091,United Kingdom,2,Electronics
INV-356622,STK0001,Smartphone,26,2025-02-11,499.0,10100,United Kingdom,1,Electronics
INV-246942,STK0009,Desk Lamp,19,2024-08-12,25.0,10041,Portugal,9,Home
INV-726962,STK0006,Sneakers,16,2024-11-07,79.0,10067,Netherlands,6,Clothing
INV-533649,STK0005,Jeans,18,2025-06-19,39.0,10095,France,5,Clothing
INV-756401,STK0007,Blender,36,2024-10-20,45.0,10086,Italy,7,Home
INV-923975,STK0009,Desk Lamp,21,2023-11-04,25.0,10049,France,9,Home
INV-891062,STK0009,Desk Lamp,31,2025-05-28,25.0,10091,France,9,Home
INV-944917,STK0008,Toaster,4,2024-07-24,35.0,10068,France,8,Home
INV-507286,STK0004,T-Shirt,17,2025-08-02,19.0,10058,Spain,4,Clothing
INV-196955,STK0009,Desk Lamp,47,2024-01-22,25.0,10087,Portugal,9,Home
INV-732209,STK0001,Smartphone,5,2025-01-11,499.0,10086,Belgium,1,Electronics
INV-327558,STK0008,Toaster,14,2025-07-19,35.0,10002,Netherlands,8,Home
INV-299254,STK0002,Laptop,48,2023-09-06,999.0,10090,Portugal,2,Electronics
INV-837954,STK0004,T-Shirt,26,2025-03-05,19.0,10037,Italy,4,Clothing
INV-588899,STK0009,Desk Lamp,42,2024-06-09,25.0,10064,Ireland,9,Home
INV-203398,STK0008,Toaster,49,2024-01-15,35.0,10041,Italy,8,Home
INV-147936,STK0010,Novel Book,15,2024-07-20,0.0,10075,Portugal,10,Books
INV-854987,STK0007,Blender,19,2024-01-24,45.0,10073,Netherlands,7,Home
INV-623555,STK0009,Desk Lamp,42,2025-02-20,25.0,10063,Ireland,9,Home
INV-583214,STK0003,Headphones,47,2025-01-07,59.0,10070,Ireland,3,Electronics
INV-292988,STK0009,Desk Lamp,42,2025-05-09,25.0,10010,United Kingdom,9,Home
INV-901467,STK0001,Smartphone,27,2023-03-11,499.0,10091,France,1,Electronics
INV-109585,STK0004,T-Shirt,33,2024-10-15,19.0,10086,Portugal,4,Clothing
INV-606676,STK0008,Toaster,-2,2023-01-13,35.0,10003,Belgium,8,Home
INV-857273,STK0005,Jeans,35,2025-04-12,0.0,10090,Italy,5,Clothing
INV-945328,STK0003,Headphones,7,2023-09-04,59.0,10025,Portugal,3,Electronics
INV-652029,STK0005,Jeans,23,2024-01-18,39.0,10052,Ireland,5,Clothing
INV-692447,STK0004,T-Shirt,45,2025-05-18,19.0,10011,United Kingdom,4,Clothing
INV-198042,STK0007,Blender,25,2024-10-14,45.0,10002,France,7,Home
INV-186702,STK0008,Toaster,28,2025-05-28,35.0,10013,Belgium,8,Home
INV-144618,STK0004,T-Shirt,14,2024-08-03,19.0,10061,Norway,4,Clothing
INV-148823,STK0002,Laptop,44,2024-07-31,999.0,10085,United Kingdom,2,Electronics
INV-288066,STK0006,Sneakers,2,2025-02-09,79.0,10092,Italy,6,Clothing
INV-180674,STK0005,Jeans,11,2025-05-19,39.0,10050,Belgium,5,Clothing
INV-447843,STK0007,Blender,49,2024-12-06,45.0,10093,Germany,7,Home
INV-625119,STK0006,Sneakers,4,2023-03-19,79.0,10044,Portugal,6,Clothing
INV-906360,STK0010,Novel Book,39,2023-01-31,12.0,10082,Norway,10,Books
INV-921609,STK0008,Toaster,32,2024-01-20,35.0,10056,France,8,Home
INV-812711,STK0010,Novel Book,43,2023-10-30,12.0,10032,Germany,10,Books
INV-186023,STK0005,Jeans,10,2023-06-07,39.0,10095,Italy,5,Clothing
INV-432061,STK0006,Sneakers,7,2024-03-31,79.0,10047,Norway,6,Clothing
INV-207197,STK0003,Headphones,6,2024-07-22,59.0,10066,Italy,3,Electronics
INV-208310,STK0001,Smartphone,6,2024-09-04,499.0,10042,Italy,1,Electronics
INV-112940,STK0005,Jeans,27,2025-07-11,39.0,10072,Netherlands,5,Clothing
INV-699743,STK0009,Desk Lamp,11,2023-10-03,25.0,10039,Norway,9,Home
INV-617077,STK0003,Headphones,5,2023-11-03,59.0,10062,Germany,3,Electronics
INV-478666,STK0005,Jeans,16,2024-09-23,39.0,10026,Ireland,5,Clothing
INV-212168,STK0003,Headphones,-20,2025-05-11,59.0,10080,Italy,3,Electronics
INV-943135,STK0006,Sneakers,29,2025-05-30,79.0,10084,Portugal,6,Clothing
INV-242736,STK0005,Jeans,21,2024-05-05,39.0,10041,France,5,Clothing
INV-517584,STK0006,Sneakers,19,2024-08-12,79.0,10032,Spain,6,Clothing
INV-494322,STK0005,Jeans,26,2023-07-24,39.0,10076,Belgium,5,Clothing
INV-288667,STK0009,Desk Lamp,2,2024-12-26,25.0,10027,Ireland,9,Home
INV-936433,STK0005,Jeans,45,2025-03-25,39.0,10053,Ireland,5,Clothing
INV-245939,STK0005,Jeans,16,2024-03-09,39.0,10049,Germany,5,Clothing
INV-570880,STK0010,Novel Book,31,2025-08-03,12.0,10089,Italy,10,Books
INV-670053,STK0001,Smartphone,24,2024-08-31,499.0,10082,Germany,1,Electronics
INV-214682,STK0004,T-Shirt,43,2024-09-19,19.0,10006,Portugal,4,Clothing
INV-776364,STK0007,Blender,49,2023-04-19,45.0,10002,Germany,7,Home
INV-371306,STK0004,T-Shirt,33,2024-12-05,19.0,10074,Netherlands,4,Clothing
INV-567432,STK0006,Sneakers,26,2024-12-08,79.0,10065,France,6,Clothing
INV-461724,STK0001,Smartphone,31,2023-03-29,499.0,10015,France,1,Electronics
INV-465249,STK0005,Jeans,22,2024-05-09,39.0,10045,Ireland,5,Clothing
INV-202365,STK0008,Toaster,47,2023-11-04,35.0,10006,Germany,8,Home
INV-123682,STK0006,Sneakers,42,2025-08-10,79.0,10095,Netherlands,6,Clothing
INV-641058,STK0003,Headphones,36,2024-04-18,59.0,10030,Italy,3,Electronics
INV-760351,STK0003,Headphones,12,2023-01-30,59.0,10095,Portugal,3,Electronics
INV-306909,STK0008,Toaster,38,2023-08-08,0.0,10027,Norway,8,Home
INV-888870,STK0002,Laptop,37,2023-07-11,999.0,10047,Spain,2,Electronics
INV-306647,STK0008,Toaster,8,2024-06-24,35.0,10082,Spain,8,Home
INV-725969,STK0007,Blender,40,2023-12-27,45.0,10059,Portugal,7,Home
INV-280908,STK0005,Jeans,40,2023-11-17,39.0,10016,Netherlands,5,Clothing
INV-420214,STK0002,Laptop,12,2024-02-02,999.0,10054,Portugal,2,Electronics
INV-244564,STK0010,Novel Book,25,2024-07-04,12.0,10089,France,10,Books
INV-681868,STK0003,Headphones,32,2025-05-12,59.0,10058,Portugal,3,Electronics
INV-156215,STK0006,Sneakers,1,2024-01-29,79.0,10072,Belgium,6,Clothing
INV-784793,STK0008,Toaster,27,2025-05-10,35.0,10057,Ireland,8,Home
INV-275377,STK0002,Laptop,37,2023-10-27,999.0,10005,Norway,2,Electronics
INV-335765,STK0009,Desk Lamp,19,2025-01-30,25.0,10099,Ireland,9,Home
INV-676429,STK0009,Desk Lamp,8,2024-07-10,25.0,10047,Belgium,9,Home
INV-962570,STK0001,Smartphone,49,2024-03-11,499.0,10014,Netherlands,1,Electronics
INV-412170,STK0001,Smartphone,29,2023-03-31,499.0,10057,Germany,1,Electronics
INV-913308,STK0004,T-Shirt,14,2023-12-26,19.0,10091,Portugal,4,Clothing
INV-763508,STK0007,Blender,11,2025-04-13,45.0,10027,United Kingdom,7,Home
INV-697766,STK0006,Sneakers,35,2023-11-28,79.0,10091,Norway,6,Clothing
INV-403387,STK0010,Novel Book,18,2025-07-10,12.0,10087,Germany,10,Books
INV-242175,STK0007,Blender,4,2023-05-10,45.0,10090,France,7,Home
INV-361805,STK0003,Headphones,46,2025-05-13,59.0,10087,Italy,3,Electronics
INV-613234,STK0003,Headphones,37,2024-01-20,59.0,10058,Germany,3,Electronics
INV-764406,STK0002,Laptop,26,2025-06-17,999.0,10048,Ireland,2,Electronics
INV-611751,STK0006,Sneakers,-38,2025-01-20,79.0,10012,Ireland,6,Clothing
INV-765678,STK0006,Sneakers,5,2024-03-15,79.0,10028,Ireland,6,Clothing
INV-381581,STK0006,Sneakers,19,2024-08-02,79.0,10063,Spain,6,Clothing
INV-815707,STK0001,Smartphone,3,2024-04-15,499.0,10003,Germany,1,Electronics
INV-999312,STK0003,Headphones,29,2024-03-14,59.0,10026,France,3,Electronics
INV-781571,STK0005,Jeans,11,2023-04-06,39.0,10084,Spain,5,Clothing
INV-362552,STK0002,Laptop,24,2023-02-23,999.0,10051,Norway,2,Electronics
INV-861253,STK0004,T-Shirt,28,2023-01-02,19.0,10028,Ireland,4,Clothing
INV-181724,STK0003,Headphones,38,2023-01-10,59.0,10002,Spain,3,Electronics
INV-956800,STK0002,Laptop,28,2023-08-23,999.0,10050,Germany,2,Electronics
INV-866260,STK0002,Laptop,7,2023-05-21,999.0,10049,France,2,Electronics
INV-772741,STK0003,Headphones,5,2024-10-27,0.0,10022,Ireland,3,Electronics
INV-468247,STK0004,T-Shirt,41,2024-09-22,19.0,10088,Ireland,4,Clothing
INV-327797,STK0002,Laptop,7,2025-01-17,999.0,10050,Spain,2,Electronics
INV-550246,STK0006,Sneakers,9,2023-09-12,79.0,10071,Portugal,6,Clothing
INV-729153,STK0010,Novel Book,19,2025-05-18,12.0,10085,Norway,10,Books
INV-315425,STK0009,Desk Lamp,39,2023-10-30,25.0,10083,United Kingdom,9,Home
INV-921875,STK0004,T-Shirt,32,2024-10-15,19.0,10077,Germany,4,Clothing
INV-653948,STK0001,Smartphone,24,2025-05-31,499.0,10073,Italy,1,Electronics
INV-483162,STK0009,Desk Lamp,44,2025-02-27,25.0,10010,United Kingdom,9,Home
INV-715895,STK0002,Laptop,1,2023-03-03,999.0,10051,Belgium,2,Electronics
INV-400404,STK0009,Desk Lamp,50,2023-03-26,25.0,10082,Belgium,9,Home
INV-663772,STK0010,Novel Book,10,2024-06-07,12.0,10027,France,10,Books
INV-662445,STK0006,Sneakers,26,2024-10-27,79.0,10088,Germany,6,Clothing
INV-425236,STK0007,Blender,47,2023-09-08,45.0,10012,Italy,7,Home
INV-221620,STK0008,Toaster,40,2025-01-29,35.0,10085,France,8,Home
INV-225245,STK0001,Smartphone,46,2024-05-23,0.0,10045,Belgium,1,Electronics
INV-642347,STK0005,Jeans,11,2025-06-13,39.0,10035,Germany,5,Clothing
INV-908903,STK0001,Smartphone,22,2023-03-07,499.0,10034,Portugal,1,Electronics
INV-758015,STK0002,Laptop,32,2024-05-26,999.0,10073,France,2,Electronics
INV-485548,STK0003,Headphones,17,2024-11-21,59.0,10093,Germany,3,Electronics
INV-339499,STK0009,Desk Lamp,1,2023-09-08,25.0,10006,Ireland,9,Home
INV-481657,STK0007,Blender,10,2023-02-06,45.0,10071,Italy,7,Home
INV-335421,STK0006,Sneakers,16,2023-10-05,79.0,10010,Portugal,6,Clothing
INV-490917,STK0002,Laptop,33,2023-08-17,999.0,10067,United Kingdom,2,Electronics
INV-520400,STK0002,Laptop,30,2023-11-15,999.0,10042,Germany,2,Electronics
INV-679958,STK0008,Toaster,1,2025-03-14,35.0,10039,Portugal,8,Home
INV-354367,STK0008,Toaster,24,2025-03-02,35.0,10100,Netherlands,8,Home
INV-868043,STK0009,Desk Lamp,49,2025-08-12,25.0,10053,United Kingdom,9,Home
INV-344315,STK0009,Desk Lamp,23,2023-01-10,25.0,10043,United Kingdom,9,Home
INV-895794,STK0007,Blender,48,2024-06-26,45.0,10031,Italy,7,Home
INV-615929,STK0001,Smartphone,10,2025-08-01,499.0,10030,Belgium,1,Electronics
INV-533121,STK0006,Sneakers,30,2023-04-08,79.0,10065,France,6,Clothing
INV-768169,STK0007,Blender,5,2024-11-09,45.0,10017,Netherlands,7,Home
INV-405844,STK0005,Jeans,21,2025-05-01,39.0,10095,Spain,5,Clothing
INV-433507,STK0008,Toaster,18,2023-05-20,35.0,10100,Portugal,8,Home
INV-214266,STK0003,Headphones,7,2024-02-21,59.0,10016,Belgium,3,Electronics
INV-475691,STK0004,T-Shirt,29,2023-05-03,19.0,10012,France,4,Clothing
INV-946826,STK0005,Jeans,46,2025-05-05,39.0,10042,France,5,Clothing
INV-195643,STK0004,T-Shirt,23,2023-11-03,19.0,10034,France,4,Clothing
INV-132591,STK0007,Blender,29,2023-04-07,45.0,10060,Germany,7,Home
INV-942946,STK0003,Headphones,-8,2023-08-16,59.0,10017,Netherlands,3,Electronics
INV-963684,STK0007,Blender,24,2023-03-28,45.0,10075,Portugal,7,Home
INV-371393,STK0002,Laptop,2,2024-10-23,999.0,10057,France,2,Electronics
INV-196446,STK0006,Sneakers,8,2023-06-22,79.0,10074,Italy,6,Clothing
INV-961599,STK0007,Blender,32,2023-06-26,45.0,10046,Netherlands,7,Home
INV-296242,STK0005,Jeans,18,2024-09-20,39.0,10080,Portugal,5,Clothing
INV-357724,STK0005,Jeans,32,2023-03-04,39.0,10012,Norway,5,Clothing
INV-501620,STK0003,Headphones,27,2024-06-22,59.0,10032,Belgium,3,Electronics
INV-933456,STK0001,Smartphone,25,2024-07-11,499.0,10063,Spain,1,Electronics
INV-693128,STK0009,Desk Lamp,21,2023-11-23,25.0,10077,Netherlands,9,Home
INV-130726,STK0005,Jeans,4,2024-01-02,39.0,10099,Portugal,5,Clothing
INV-344068,STK0003,Headphones,7,2024-06-30,59.0,10095,United Kingdom,3,Electronics
INV-901164,STK0004,T-Shirt,37,2023-12-30,19.0,10023,France,4,Clothing
INV-348041,STK0010,Novel Book,21,2025-07-24,12.0,10076,United Kingdom,10,Books
INV-837623,STK0006,Sneakers,37,2023-07-12,79.0,10064,Belgium,6,Clothing
INV-424065,STK0003,Headphones,32,2024-09-08,59.0,10029,United Kingdom,3,Electronics
INV-652021,STK0008,Toaster,1,2025-04-05,35.0,10017,Spain,8,Home
INV-851763,STK0003,Headphones,21,2024-12-22,59.0,10019,Germany,3,Electronics
INV-987599,STK0009,Desk Lamp,24,2024-11-09,25.0,10051,Portugal,9,Home
INV-205939,STK0006,Sneakers,20,2025-01-19,79.0,10056,Ireland,6,Clothing
INV-780714,STK0006,Sneakers,12,2025-06-29,79.0,10079,Spain,6,Clothing
INV-334081,STK0010,Novel Book,12,2023-10-29,12.0,10017,France,10,Books
INV-864234,STK0001,Smartphone,45,2025-02-28,499.0,10073,United Kingdom,1,Electronics
INV-290926,STK0010,Novel Book,21,2023-08-15,12.0,10082,Portugal,10,Books
INV-209167,STK0008,Toaster,10,2023-12-22,35.0,10041,France,8,Home
INV-767090,STK0002,Laptop,46,2023-12-10,999.0,10058,United Kingdom,2,Electronics
INV-378095,STK0004,T-Shirt,16,2025-03-16,19.0,10014,United Kingdom,4,Clothing
INV-150486,STK0007,Blender,29,2025-06-24,45.0,10053,Ireland,7,Home
INV-497108,STK0006,Sneakers,35,2025-03-18,79.0,10074,Netherlands,6,Clothing
INV-270557,STK0008,Toaster,5,2023-01-21,35.0,10041,Norway,8,Home
INV-209812,STK0002,Laptop,22,2025-01-19,999.0,10010,Belgium,2,Electronics
INV-197627,STK0006,Sneakers,39,2024-12-22,79.0,10004,Italy,6,Clothing
INV-785386,STK0003,Headphones,39,2023-04-14,59.0,10043,Netherlands,3,Electronics
INV-299212,STK0007,Blender,45,2024-07-07,45.0,10034,Norway,7,Home
INV-411847,STK0004,T-Shirt,7,2025-05-10,19.0,10063,France,4,Clothing
INV-157152,STK0006,Sneakers,1,2024-11-08,79.0,10081,Portugal,6,Clothing
INV-603660,STK0004,T-Shirt,7,2023-10-26,19.0,10011,Ireland,4,Clothing
INV-984756,STK0002,Laptop,20,2025-07-05,999.0,10085,Norway,2,Electronics
INV-195563,STK0009,Desk Lamp,25,2024-01-14,25.0,10024,Ireland,9,Home
INV-146784,STK0005,Jeans,29,2023-10-03,39.0,10073,United Kingdom,5,Clothing
INV-258471,STK0002,Laptop,6,2024-02-28,999.0,10097,Portugal,2,Electronics
INV-338564,STK0009,Desk Lamp,4,2024-03-04,25.0,10069,Ireland,9,Home
INV-700534,STK0004,T-Shirt,31,2025-05-24,19.0,10092,United Kingdom,4,Clothing
INV-626491,STK0010,Novel Book,34,2024-09-27,12.0,10019,Germany,10,Books
INV-893969,STK0008,Toaster,12,2023-08-05,35.0,10025,France,8,Home
INV-144748,STK0007,Blender,6,2025-04-22,45.0,10081,France,7,Home
INV-974625,STK0010,Novel Book,17,2025-04-06,12.0,10009,Germany,10,Books
INV-506951,STK0009,Desk Lamp,26,2024-06-16,25.0,10059,United Kingdom,9,Home
INV-924758,STK0010,Novel Book,38,2024-02-29,12.0,10020,France,10,Books
INV-694116,STK0010,Novel Book,38,2025-08-05,12.0,10014,Portugal,10,Books
INV-917411,STK0002,Laptop,19,2025-06-17,999.0,10053,Norway,2,Electronics
INV-501650,STK0008,Toaster,37,2023-10-10,35.0,10052,France,8,Home
INV-748276,STK0010,Novel Book,44,2025-06-29,12.0,10043,Netherlands,10,Books
INV-151685,STK0008,Toaster,18,2025-04-17,35.0,10039,Norway,8,Home
INV-393964,STK0008,Toaster,45,2023-08-22,35.0,10018,Norway,8,Home
INV-879850,STK0008,Toaster,50,2024-03-02,35.0,10078,Germany,8,Home
INV-297064,STK0008,Toaster,14,2024-05-11,35.0,10098,Belgium,8,Home
INV-492073,STK0001,Smartphone,33,2024-12-27,499.0,10065,Italy,1,Electronics
INV-242239,STK0009,Desk Lamp,37,2025-05-02,25.0,10026,United Kingdom,9,Home
INV-361609,STK0001,Smartphone,30,2023-07-23,499.0,10036,Spain,1,Electronics
INV-963508,STK0008,Toaster,33,2024-11-28,35.0,10004,Netherlands,8,Home
INV-490559,STK0008,Toaster,39,2024-04-30,35.0,10076,Belgium,8,Home
INV-466749,STK0006,Sneakers,11,2025-04-30,79.0,10089,Germany,6,Clothing
INV-398916,STK0001,Smartphone,25,2025-03-09,499.0,10028,Netherlands,1,Electronics
INV-778827,STK0004,T-Shirt,44,2024-06-09,19.0,10003,United Kingdom,4,Clothing
INV-597126,STK0003,Headphones,42,2023-08-18,59.0,10033,Portugal,3,Electronics
INV-944193,STK0005,Jeans,46,2024-03-09,39.0,10049,Spain,5,Clothing
INV-581294,STK0005,Jeans,14,2025-04-24,39.0,10080,Italy,5,Clothing
INV-712879,STK0002,Laptop,1,2025-05-13,999.0,10048,Belgium,2,Electronics
INV-778787,STK0010,Novel Book,39,2024-05-08,12.0,10009,Spain,10,Books
INV-389913,STK0006,Sneakers,18,2025-07-02,79.0,10084,Norway,6,Clothing
INV-297509,STK0003,Headphones,34,2025-04-04,59.0,10077,Italy,3,Electronics
INV-792616,STK0006,Sneakers,44,2024-05-24,79.0,10038,Norway,6,Clothing
INV-538897,STK0007,Blender,25,2024-08-08,45.0,10025,Spain,7,Home
INV-861842,STK0004,T-Shirt,44,2025-07-17,19.0,10086,Spain,4,Clothing
INV-631958,STK0005,Jeans,11,2023-07-05,39.0,10038,Germany,5,Clothing
INV-593649,STK0003,Headphones,48,2025-02-20,59.0,10024,Spain,3,Electronics
INV-786224,STK0002,Laptop,15,2023-11-11,999.0,10054,Spain,2,Electronics
INV-489737,STK0005,Jeans,38,2024-04-26,39.0,10007,Portugal,5,Clothing
INV-708502,STK0010,Novel Book,5,2023-05-03,12.0,10088,Italy,10,Books
INV-655575,STK0005,Jeans,27,2023-05-21,39.0,10026,Spain,5,Clothing
INV-529068,STK0010,Novel Book,30,2023-07-04,12.0,10100,Germany,10,Books
INV-611265,STK0006,Sneakers,41,2023-03-01,79.0,10001,Ireland,6,Clothing
INV-386814,STK0004,T-Shirt,49,2023-06-12,19.0,10063,Germany,4,Clothing
INV-235691,STK0010,Novel Book,28,2024-05-03,12.0,10050,United Kingdom,10,Books
INV-139557,STK0009,Desk Lamp,13,2025-07-02,25.0,10042,Belgium,9,Home
INV-299834,STK0001,Smartphone,-44,2023-08-20,499.0,10089,Spain,1,Electronics
INV-427252,STK0003,Headphones,7,2023-06-21,59.0,10009,United Kingdom,3,Electronics
INV-412687,STK0005,Jeans,30,2023-12-12,39.0,10056,France,5,Clothing
INV-459381,STK0008,Toaster,23,2025-07-17,35.0,10052,United Kingdom,8,Home
INV-339513,STK0004,T-Shirt,47,2023-01-23,19.0,10076,Belgium,4,Clothing
INV-277193,STK0002,Laptop,24,2024-01-20,999.0,10082,Norway,2,Electronics
INV-908713,STK0009,Desk Lamp,40,2024-11-08,25.0,10014,United Kingdom,9,Home
INV-150578,STK0002,Laptop,27,2023-09-16,999.0,10061,France,2,Electronics
INV-315477,STK0001,Smartphone,20,2024-06-16,499.0,10035,Portugal,1,Electronics
INV-735053,STK0003,Headphones,27,2025-01-06,59.0,10080,Germany,3,Electronics
INV-396439,STK0002,Laptop,7,2025-03-07,999.0,10034,Belgium,2,Electronics
INV-311469,STK0006,Sneakers,46,2024-07-15,79.0,10064,Netherlands,6,Clothing
INV-821634,STK0008,Toaster,22,2023-04-02,0.0,10015,Portugal,8,Home
INV-801520,STK0008,Toaster,10,2023-03-18,35.0,10093,Germany,8,Home
INV-368322,STK0004,T-Shirt,30,2024-04-20,19.0,10007,Germany,4,Clothing
INV-952679,STK0003,Headphones,3,2024-11-24,59.0,10041,Italy,3,Electronics
INV-874415,STK0002,Laptop,7,2023-01-10,999.0,10018,France,2,Electronics
INV-444625,STK0006,Sneakers,29,2025-01-20,79.0,10012,Spain,6,Clothing
INV-954551,STK0006,Sneakers,12,2024-04-12,79.0,10035,Italy,6,Clothing
INV-823415,STK0008,Toaster,27,2023-04-26,35.0,10017,United Kingdom,8,Home
INV-985364,STK0003,Headphones,7,2025-04-01,59.0,10073,Ireland,3,Electronics
INV-290065,STK0010,Novel Book,25,2025-06-02,12.0,10088,France,10,Books
INV-606545,STK0008,Toaster,8,2023-03-06,35.0,10034,Spain,8,Home
INV-112960,STK0009,Desk Lamp,50,2023-08-18,25.0,10086,Spain,9,Home
INV-644315,STK0009,Desk Lamp,45,2024-11-08,25.0,10094,Netherlands,9,Home
INV-605339,STK0006,Sneakers,43,2025-05-09,79.0,10072,Portugal,6,Clothing
INV-157216,STK0001,Smartphone,42,2024-04-25,499.0,10064,France,1,Electronics
INV-178501,STK0008,Toaster,21,2023-02-21,35.0,10065,Netherlands,8,Home
INV-677236,STK0007,Blender,26,2024-03-30,45.0,10074,Ireland,7,Home
INV-192295,STK0008,Toaster,29,2025-02-02,35.0,10084,United Kingdom,8,Home
INV-207629,STK0007,Blender,27,2025-04-25,45.0,10012,Portugal,7,Home
INV-749137,STK0005,Jeans,33,2024-04-12,39.0,10044,Spain,5,Clothing
INV-965401,STK0001,Smartphone,15,2025-02-24,499.0,10080,Portugal,1,Electronics
INV-596116,STK0006,Sneakers,46,2024-11-05,79.0,10029,United Kingdom,6,Clothing
INV-457938,STK0006,Sneakers,41,2024-06-18,79.0,10048,Germany,6,Clothing
INV-148001,STK0003,Headphones,32,2025-01-08,59.0,10053,Germany,3,Electronics
INV-366641,STK0010,Novel Book,13,2024-02-07,12.0,10028,Ireland,10,Books
INV-964607,STK0004,T-Shirt,46,2023-02-17,19.0,10082,Portugal,4,Clothing
INV-229204,STK0008,Toaster,30,2023-05-18,35.0,10064,United Kingdom,8,Home
INV-656127,STK0001,Smartphone,36,2024-05-09,499.0,10066,France,1,Electronics
INV-825423,STK0010,Novel Book,12,2024-02-01,12.0,10085,Portugal,10,Books
INV-735605,STK0006,Sneakers,33,2024-09-15,79.0,10089,Netherlands,6,Clothing
INV-386886,STK0007,Blender,22,2023-05-17,45.0,10018,Italy,7,Home
INV-731792,STK0009,Desk Lamp,20,2023-11-18,25.0,10092,Belgium,9,Home
INV-763311,STK0004,T-Shirt,13,2024-12-04,19.0,10045,France,4,Clothing
INV-844904,STK0003,Headphones,33,2024-12-28,59.0,10015,Spain,3,Electronics
INV-689593,STK0008,Toaster,38,2024-03-03,35.0,10087,Belgium,8,Home
INV-399817,STK0007,Blender,1,2023-05-29,45.0,10007,United Kingdom,7,Home
INV-309612,STK0005,Jeans,49,2024-11-30,39.0,10033,France,5,Clothing
INV-980155,STK0001,Smartphone,45,2024-07-08,499.0,10005,Spain,1,Electronics
INV-953568,STK0008,Toaster,7,2024-07-29,35.0,10029,Belgium,8,Home
INV-507777,STK0004,T-Shirt,33,2023-10-22,19.0,10089,United Kingdom,4,Clothing
INV-500118,STK0007,Blender,27,2023-11-17,45.0,10071,United Kingdom,7,Home
INV-113595,STK0005,Jeans,13,2025-06-10,39.0,10057,Netherlands,5,Clothing
INV-764575,STK0006,Sneakers,49,2023-07-21,79.0,10100,Netherlands,6,Clothing
INV-408467,STK0008,Toaster,12,2023-06-27,35.0,10095,Belgium,8,Home
INV-225151,STK0007,Blender,3,2023-05-14,45.0,10021,Portugal,7,Home
INV-987110,STK0005,Jeans,1,2023-06-08,39.0,10006,France,5,Clothing
INV-438302,STK0010,Novel Book,4,2025-05-13,12.0,10085,Norway,10,Books
INV-614379,STK0010,Novel Book,36,2023-11-22,12.0,10068,Netherlands,10,Books
INV-292800,STK0009,Desk Lamp,5,2024-07-10,25.0,10069,Italy,9,Home
INV-196411,STK0006,Sneakers,15,2023-12-06,79.0,10047,Norway,6,Clothing
INV-329056,STK0010,Novel Book,34,2025-02-09,12.0,10084,United Kingdom,10,Books
INV-220294,STK0006,Sneakers,29,2025-07-29,79.0,10080,Netherlands,6,Clothing
INV-141814,STK0006,Sneakers,25,2024-01-31,79.0,10033,Belgium,6,Clothing
INV-859143,STK0005,Jeans,2,2024-01-19,39.0,10066,Belgium,5,Clothing
INV-567200,STK0008,Toaster,3,2023-11-25,35.0,10066,Germany,8,Home
INV-200617,STK0003,Headphones,50,2023-03-09,0.0,10027,Netherlands,3,Electronics
INV-818699,STK0007,Blender,7,2025-06-18,45.0,10095,Italy,7,Home
INV-777968,STK0002,Laptop,48,2025-01-04,999.0,10043,United Kingdom,2,Electronics
INV-191772,STK0002,Laptop,4,2023-03-14,999.0,10074,Netherlands,2,Electronics
INV-371212,STK0007,Blender,25,2023-11-20,45.0,10003,Italy,7,Home
INV-806004,STK0002,Laptop,-35,2023-03-06,999.0,10097,Portugal,2,Electronics
INV-147727,STK0002,Laptop,23,2025-03-16,999.0,10088,Norway,2,Electronics
INV-736030,STK0002,Laptop,19,2024-02-09,999.0,10085,United Kingdom,2,Electronics
INV-597012,STK0003,Headphones,35,2025-03-26,59.0,10070,Norway,3,Electronics
INV-764845,STK0003,Headphones,20,2025-03-25,59.0,10094,Spain,3,Electronics
INV-111691,STK0009,Desk Lamp,36,2024-08-09,25.0,10077,Italy,9,Home
INV-663244,STK0009,Desk Lamp,6,2025-07-14,25.0,10093,Spain,9,Home
INV-322022,STK0007,Blender,42,2023-07-08,45.0,10029,Portugal,7,Home
INV-975297,STK0005,Jeans,13,2024-08-03,39.0,10007,Belgium,5,Clothing
INV-583671,STK0009,Desk Lamp,5,2023-04-11,25.0,10026,Portugal,9,Home
INV-610856,STK0006,Sneakers,23,2023-04-13,79.0,10037,Portugal,6,Clothing
INV-173199,STK0004,T-Shirt,21,2024-11-06,19.0,10040,Portugal,4,Clothing
INV-259797,STK0010,Novel Book,37,2024-03-14,12.0,10022,United Kingdom,10,Books
INV-428429,STK0004,T-Shirt,15,2023-10-11,19.0,10047,France,4,Clothing
INV-812591,STK0006,Sneakers,31,2023-11-09,79.0,10063,Belgium,6,Clothing
INV-214119,STK0003,Headphones,42,2025-05-29,59.0,10018,Belgium,3,Electronics
INV-305973,STK0005,Jeans,47,2023-03-19,39.0,10003,Belgium,5,Clothing
INV-762308,STK0001,Smartphone,38,2023-08-06,499.0,10005,Belgium,1,Electronics
INV-373276,STK0009,Desk Lamp,35,2024-01-10,25.0,10051,Netherlands,9,Home
INV-909652,STK0010,Novel Book,47,2024-05-28,12.0,10066,Germany,10,Books
INV-516059,STK0006,Sneakers,-33,2025-04-05,79.0,10079,France,6,Clothing
INV-893988,STK0009,Desk Lamp,9,2024-08-02,25.0,10085,France,9,Home
INV-871667,STK0008,Toaster,23,2023-08-26,35.0,10009,Norway,8,Home
INV-487380,STK0004,T-Shirt,3,2025-03-21,19.0,10047,Italy,4,Clothing
INV-592489,STK0008,Toaster,3,2023-04-16,35.0,10091,Belgium,8,Home
INV-764343,STK0005,Jeans,48,2023-06-28,39.0,10049,Italy,5,Clothing
INV-483041,STK0010,Novel Book,42,2023-09-15,12.0,10049,Netherlands,10,Books
INV-641455,STK0007,Blender,23,2025-03-22,45.0,10062,Portugal,7,Home
INV-106918,STK0009,Desk Lamp,9,2024-06-10,25.0,10083,Norway,9,Home
INV-321791,STK0003,Headphones,12,2025-04-16,59.0,10016,Netherlands,3,Electronics
INV-534753,STK0006,Sneakers,47,2024-05-05,79.0,10027,Portugal,6,Clothing
INV-269078,STK0007,Blender,2,2024-08-29,45.0,10021,France,7,Home
INV-760120,STK0009,Desk Lamp,3,2023-06-20,25.0,10034,France,9,Home
INV-641737,STK0007,Blender,39,2025-06-18,45.0,10093,Norway,7,Home
INV-189913,STK0004,T-Shirt,29,2024-05-08,19.0,10022,Netherlands,4,Clothing
INV-970699,STK0007,Blender,39,2025-02-24,45.0,10024,Portugal,7,Home
INV-791691,STK0009,Desk Lamp,17,2025-08-02,25.0,10059,Portugal,9,Home
INV-719284,STK0002,Laptop,15,2023-01-17,999.0,10026,Belgium,2,Electronics
INV-628859,STK0007,Blender,10,2025-07-12,45.0,10079,Portugal,7,Home
INV-140932,STK0009,Desk Lamp,33,2024-11-06,25.0,10017,Portugal,9,Home
INV-665482,STK0001,Smartphone,50,2024-03-06,499.0,10048,United Kingdom,1,Electronics
INV-831531,STK0009,Desk Lamp,28,2025-03-19,25.0,10099,Italy,9,Home
INV-467544,STK0010,Novel Book,48,2024-08-12,12.0,10013,Italy,10,Books
INV-240386,STK0005,Jeans,31,2023-03-27,39.0,10037,Portugal,5,Clothing
INV-670143,STK0007,Blender,17,2025-03-19,45.0,10001,Portugal,7,Home
INV-647923,STK0002,Laptop,-34,2024-12-05,999.0,10041,Italy,2,Electronics
INV-479867,STK0002,Laptop,10,2023-09-25,999.0,10069,Italy,2,Electronics
INV-692099,STK0006,Sneakers,40,2025-02-12,79.0,10027,Italy,6,Clothing
INV-678923,STK0009,Desk Lamp,31,2024-05-10,25.0,10033,Norway,9,Home
INV-705711,STK0006,Sneakers,50,2025-05-25,79.0,10085,Germany,6,Clothing
INV-884140,STK0004,T-Shirt,29,2023-04-13,19.0,10028,Belgium,4,Clothing
INV-520018,STK0006,Sneakers,36,2023-02-23,79.0,10021,Italy,6,Clothing
INV-766764,STK0001,Smartphone,6,2024-09-06,499.0,10056,Germany,1,Electronics
INV-167193,STK0005,Jeans,15,2025-01-11,39.0,10050,Italy,5,Clothing
INV-743789,STK0009,Desk Lamp,19,2025-03-03,25.0,10023,Ireland,9,Home
INV-560295,STK0001,Smartphone,13,2024-06-14,499.0,10037,Netherlands,1,Electronics
INV-135241,STK0010,Novel Book,33,2023-06-23,12.0,10087,United Kingdom,10,Books
INV-477214,STK0004,T-Shirt,-42,2023-10-10,19.0,10100,Italy,4,Clothing
INV-470281,STK0007,Blender,26,2025-01-24,45.0,10091,Germany,7,Home
INV-194545,STK0009,Desk Lamp,19,2024-08-19,25.0,10045,Spain,9,Home
INV-955129,STK0005,Jeans,15,2025-08-10,39.0,10052,Portugal,5,Clothing
INV-104877,STK0005,Jeans,12,2023-03-16,39.0,10065,Norway,5,Clothing
INV-456480,STK0002,Laptop,33,2025-04-12,999.0,10074,Norway,2,Electronics
INV-827912,STK0008,Toaster,25,2025-02-14,35.0,10044,Ireland,8,Home
INV-814703,STK0008,Toaster,38,2023-09-22,35.0,10009,Italy,8,Home
INV-764442,STK0004,T-Shirt,44,2024-02-27,19.0,10046,Belgium,4,Clothing
INV-661671,STK0001,Smartphone,45,2023-04-06,499.0,10052,Spain,1,Electronics
INV-179721,STK0009,Desk Lamp,12,2025-07-04,25.0,10074,Norway,9,Home
INV-291663,STK0004,T-Shirt,32,2023-09-05,19.0,10034,Netherlands,4,Clothing
INV-340341,STK0004,T-Shirt,16,2025-03-08,19.0,10014,Germany,4,Clothing
INV-182300,STK0008,Toaster,-40,2023-02-13,35.0,10062,Spain,8,Home
INV-750817,STK0006,Sneakers,32,2024-08-11,79.0,10036,Ireland,6,Clothing
INV-291755,STK0009,Desk Lamp,18,2023-05-12,25.0,10007,Belgium,9,Home
INV-938095,STK0007,Blender,31,2023-12-22,45.0,10051,France,7,Home
INV-579404,STK0002,Laptop,45,2023-01-09,999.0,10002,Netherlands,2,Electronics
INV-497859,STK0010,Novel Book,7,2023-09-23,12.0,10024,Belgium,10,Books
INV-375617,STK0004,T-Shirt,18,2024-01-10,19.0,10024,Ireland,4,Clothing
INV-544536,STK0004,T-Shirt,27,2025-05-24,19.0,10052,Norway,4,Clothing
INV-572623,STK0003,Headphones,37,2023-08-23,59.0,10013,Norway,3,Electronics
INV-943146,STK0004,T-Shirt,36,2023-05-30,19.0,10095,France,4,Clothing
INV-595962,STK0001,Smartphone,12,2025-07-03,499.0,10081,Belgium,1,Electronics
INV-659921,STK0006,Sneakers,32,2024-08-04,79.0,10007,Italy,6,Clothing
INV-203782,STK0003,Headphones,4,2025-05-09,59.0,10081,Germany,3,Electronics
INV-571706,STK0006,Sneakers,17,2025-08-12,79.0,10033,Spain,6,Clothing
INV-120798,STK0007,Blender,8,2024-09-12,45.0,10026,Portugal,7,Home
INV-703869,STK0009,Desk Lamp,12,2023-11-29,25.0,10087,Belgium,9,Home
INV-611174,STK0008,Toaster,6,2024-10-08,35.0,10019,France,8,Home
INV-771697,STK0006,Sneakers,27,2025-05-19,79.0,10010,Germany,6,Clothing
INV-269868,STK0006,Sneakers,15,2024-12-28,79.0,10035,Portugal,6,Clothing
INV-775958,STK0007,Blender,18,2024-01-07,45.0,10096,Portugal,7,Home
INV-646240,STK0008,Toaster,27,2023-05-09,35.0,10094,Netherlands,8,Home
INV-794180,STK0005,Jeans,48,2023-06-20,39.0,10051,Germany,5,Clothing
INV-200195,STK0002,Laptop,31,2024-02-11,999.0,10068,Germany,2,Electronics
INV-208976,STK0005,Jeans,40,2025-06-25,39.0,10050,Norway,5,Clothing
INV-340497,STK0004,T-Shirt,48,2023-05-15,19.0,10068,France,4,Clothing
INV-129959,STK0001,Smartphone,43,2025-06-03,499.0,10061,Ireland,1,Electronics
INV-666843,STK0005,Jeans,36,2024-12-15,39.0,10070,France,5,Clothing
INV-719531,STK0010,Novel Book,30,2024-07-31,12.0,10056,Belgium,10,Books
INV-770864,STK0009,Desk Lamp,20,2023-08-21,25.0,10012,Ireland,9,Home
INV-422823,STK0006,Sneakers,27,2023-01-01,79.0,10067,France,6,Clothing
INV-460589,STK0005,Jeans,31,2024-05-18,39.0,10097,Ireland,5,Clothing
INV-414164,STK0001,Smartphone,50,2023-08-25,499.0,10001,Belgium,1,Electronics
INV-491794,STK0004,T-Shirt,27,2023-09-13,19.0,10021,Italy,4,Clothing
INV-968668,STK0007,Blender,15,2023-09-03,45.0,10067,Portugal,7,Home
INV-946803,STK0005,Jeans,19,2023-10-03,39.0,10053,Netherlands,5,Clothing
INV-994940,STK0002,Laptop,12,2024-04-11,999.0,10080,Ireland,2,Electronics
INV-385353,STK0010,Novel Book,32,2023-02-20,0.0,10069,United Kingdom,10,Books
INV-294969,STK0002,Laptop,19,2025-01-14,999.0,10002,Netherlands,2,Electronics
INV-194578,STK0003,Headphones,1,2023-11-16,59.0,10064,Spain,3,Electronics
INV-586208,STK0001,Smartphone,22,2023-05-30,499.0,10008,Norway,1,Electronics
INV-913331,STK0007,Blender,5,2025-07-06,45.0,10033,Italy,7,Home
INV-968485,STK0001,Smartphone,8,2024-01-30,499.0,10099,Ireland,1,Electronics
INV-359168,STK0001,Smartphone,13,2024-06-17,499.0,10086,Netherlands,1,Electronics
INV-595793,STK0007,Blender,44,2023-06-12,45.0,10081,United Kingdom,7,Home
INV-880900,STK0009,Desk Lamp,34,2023-11-02,25.0,10026,Spain,9,Home
INV-154617,STK0004,T-Shirt,8,2023-01-16,19.0,10022,Norway,4,Clothing
INV-713099,STK0002,Laptop,26,2023-02-13,0.0,10075,Ireland,2,Electronics
INV-821846,STK0010,Novel Book,10,2023-06-11,12.0,10064,Germany,10,Books
INV-819265,STK0010,Novel Book,22,2024-10-02,12.0,10008,United Kingdom,10,Books
INV-472787,STK0003,Headphones,45,2024-05-14,59.0,10030,Spain,3,Electronics
INV-685472,STK0006,Sneakers,29,2024-01-22,79.0,10046,France,6,Clothing
INV-362874,STK0001,Smartphone,32,2024-07-09,499.0,10090,Ireland,1,Electronics
INV-298994,STK0010,Novel Book,12,2024-04-24,12.0,10036,Portugal,10,Books
INV-681456,STK0003,Headphones,5,2025-04-19,59.0,10034,Belgium,3,Electronics
INV-484945,STK0008,Toaster,1,2025-01-21,35.0,10024,United Kingdom,8,Home
INV-749838,STK0006,Sneakers,50,2023-03-06,79.0,10085,Belgium,6,Clothing
INV-958835,STK0007,Blender,13,2024-07-18,45.0,10020,Portugal,7,Home
INV-396882,STK0006,Sneakers,27,2024-06-19,79.0,10085,Germany,6,Clothing
INV-145903,STK0003,Headphones,12,2024-05-12,59.0,10025,Germany,3,Electronics
INV-133362,STK0010,Novel Book,42,2024-06-22,12.0,10080,Portugal,10,Books
INV-368371,STK0001,Smartphone,24,2023-01-14,499.0,10027,Ireland,1,Electronics
INV-972496,STK0002,Laptop,30,2024-07-25,999.0,10096,Italy,2,Electronics
INV-961957,STK0006,Sneakers,46,2024-06-25,79.0,10006,Germany,6,Clothing
INV-974991,STK0005,Jeans,5,2023-04-10,39.0,10013,Netherlands,5,Clothing
INV-657487,STK0007,Blender,13,2024-08-06,45.0,10081,France,7,Home
INV-685549,STK0009,Desk Lamp,27,2024-08-13,25.0,10046,Ireland,9,Home
INV-836677,STK0007,Blender,7,2024-02-16,45.0,10065,Spain,7,Home
INV-789472,STK0003,Headphones,35,2023-12-27,59.0,10041,Belgium,3,Electronics
INV-440424,STK0006,Sneakers,27,2025-01-13,79.0,10042,Portugal,6,Clothing
INV-352415,STK0010,Novel Book,35,2025-08-06,12.0,10096,Norway,10,Books
INV-477496,STK0008,Toaster,29,2023-02-05,0.0,10037,Portugal,8,Home
INV-117094,STK0009,Desk Lamp,9,2023-11-04,25.0,10029,Netherlands,9,Home
INV-997287,STK0006,Sneakers,2,2025-04-22,79.0,10036,Belgium,6,Clothing
INV-636107,STK0009,Desk Lamp,37,2023-02-08,25.0,10059,Spain,9,Home
INV-263690,STK0003,Headphones,17,2023-08-27,59.0,10033,Norway,3,Electronics
INV-196369,STK0010,Novel Book,26,2023-03-21,12.0,10093,Spain,10,Books
INV-931420,STK0008,Toaster,12,2024-12-20,35.0,10074,Germany,8,Home
INV-724145,STK0005,Jeans,3,2023-03-22,39.0,10100,United Kingdom,5,Clothing
INV-908348,STK0006,Sneakers,23,2025-08-10,79.0,10016,Netherlands,6,Clothing
INV-883997,STK0010,Novel Book,1,2023-02-25,12.0,10040,Belgium,10,Books
INV-143182,STK0006,Sneakers,35,2024-12-15,79.0,10029,France,6,Clothing
INV-152973,STK0007,Blender,29,2023-04-03,45.0,10029,Italy,7,Home
INV-403859,STK0007,Blender,10,2024-08-08,45.0,10096,United Kingdom,7,Home
INV-674779,STK0007,Blender,17,2025-03-03,45.0,10090,France,7,Home
INV-899049,STK0003,Headphones,31,2024-10-29,59.0,10074,Netherlands,3,Electronics
INV-688426,STK0010,Novel Book,48,2023-09-30,12.0,10100,Italy,10,Books
INV-439121,STK0010,Novel Book,6,2024-01-10,12.0,10045,Netherlands,10,Books
INV-436318,STK0006,Sneakers,39,2023-06-23,79.0,10045,Portugal,6,Clothing
INV-961493,STK0008,Toaster,40,2025-04-17,35.0,10030,Netherlands,8,Home
INV-818651,STK0006,Sneakers,10,2023-04-26,79.0,10095,United Kingdom,6,Clothing
INV-354854,STK0010,Novel Book,10,2023-01-15,12.0,10044,Germany,10,Books
INV-419939,STK0008,Toaster,31,2024-07-04,35.0,10028,Netherlands,8,Home
INV-672967,STK0009,Desk Lamp,49,2025-01-17,25.0,10019,United Kingdom,9,Home
INV-494900,STK0010,Novel Book,43,2023-03-03,12.0,10037,Netherlands,10,Books
INV-927524,STK0010,Novel Book,18,2023-01-09,12.0,10009,Italy,10,Books
INV-792451,STK0005,Jeans,43,2025-06-04,39.0,10014,United Kingdom,5,Clothing
INV-406703,STK0007,Blender,15,2024-12-27,45.0,10013,Spain,7,Home
INV-608205,STK0010,Novel Book,35,2024-04-13,12.0,10072,United Kingdom,10,Books
INV-141683,STK0004,T-Shirt,34,2025-02-01,19.0,10021,United Kingdom,4,Clothing
INV-463625,STK0006,Sneakers,23,2024-05-28,79.0,10036,United Kingdom,6,Clothing
INV-756190,STK0005,Jeans,25,2023-01-31,39.0,10072,Norway,5,Clothing
INV-336540,STK0003,Headphones,22,2023-03-31,59.0,10094,Italy,3,Electronics
INV-646012,STK0010,Novel Book,41,2024-08-09,12.0,10020,Italy,10,Books
INV-427557,STK0010,Novel Book,22,2024-10-30,12.0,10018,Portugal,10,Books
INV-667650,STK0004,T-Shirt,9,2024-06-20,19.0,10018,Italy,4,Clothing
INV-907455,STK0003,Headphones,42,2023-11-22,59.0,10009,Belgium,3,Electronics
INV-658850,STK0002,Laptop,12,2025-01-14,999.0,10004,Spain,2,Electronics
INV-534152,STK0007,Blender,20,2025-07-04,45.0,10082,Norway,7,Home
INV-259338,STK0004,T-Shirt,7,2024-09-18,19.0,10079,Norway,4,Clothing
INV-735022,STK0010,Novel Book,40,2024-12-04,12.0,10004,Spain,10,Books
INV-183336,STK0008,Toaster,9,2024-12-30,35.0,10084,Spain,8,Home
INV-292913,STK0007,Blender,32,2023-08-20,45.0,10005,Italy,7,Home
INV-901677,STK0001,Smartphone,18,2024-11-18,499.0,10026,Netherlands,1,Electronics
INV-169348,STK0003,Headphones,29,2023-11-29,59.0,10059,Netherlands,3,Electronics
INV-548324,STK0007,Blender,50,2024-01-25,45.0,10093,Spain,7,Home
INV-513296,STK0010,Novel Book,48,2024-10-18,12.0,10091,United Kingdom,10,Books
INV-645940,STK0002,Laptop,29,2025-06-17,999.0,10032,Belgium,2,Electronics
INV-663996,STK0007,Blender,48,2025-02-22,45.0,10081,United Kingdom,7,Home
INV-299072,STK0005,Jeans,29,2025-04-27,39.0,10037,Ireland,5,Clothing
INV-274573,STK0007,Blender,19,2024-06-13,45.0,10019,Ireland,7,Home
INV-970206,STK0008,Toaster,6,2025-03-08,35.0,10075,Belgium,8,Home
INV-241879,STK0007,Blender,27,2024-04-09,45.0,10076,Netherlands,7,Home
INV-576769,STK0002,Laptop,17,2024-12-29,999.0,10021,Germany,2,Electronics
INV-195620,STK0002,Laptop,46,2024-06-20,999.0,10091,Italy,2,Electronics
INV-862182,STK0009,Desk Lamp,40,2024-01-25,25.0,10006,France,9,Home
INV-451475,STK0010,Novel Book,43,2023-05-29,12.0,10023,United Kingdom,10,Books
INV-539963,STK0005,Jeans,20,2023-10-23,39.0,10081,France,5,Clothing
INV-223264,STK0003,Headphones,-13,2023-01-13,59.0,10059,Ireland,3,Electronics
INV-996963,STK0008,Toaster,35,2024-05-20,35.0,10031,Netherlands,8,Home
INV-717466,STK0008,Toaster,30,2024-09-06,35.0,10001,Netherlands,8,Home
INV-673929,STK0005,Jeans,40,2023-08-01,39.0,10007,France,5,Clothing
INV-255457,STK0001,Smartphone,42,2023-02-03,499.0,10086,Portugal,1,Electronics
INV-978721,STK0010,Novel Book,20,2023-04-22,12.0,10054,France,10,Books
INV-269172,STK0005,Jeans,40,2024-08-09,39.0,10072,France,5,Clothing
INV-577456,STK0010,Novel Book,24,2023-11-03,12.0,10042,Spain,10,Books
INV-497346,STK0002,Laptop,49,2023-10-27,999.0,10061,France,2,Electronics
INV-227950,STK0005,Jeans,22,2024-12-13,39.0,10027,Portugal,5,Clothing
INV-161010,STK0002,Laptop,37,2023-03-31,999.0,10062,Portugal,2,Electronics
INV-926471,STK0005,Jeans,28,2024-06-22,39.0,10074,Portugal,5,Clothing
INV-471042,STK0003,Headphones,40,2024-10-09,59.0,10064,Ireland,3,Electronics
INV-947228,STK0003,Headphones,40,2023-07-18,59.0,10001,Germany,3,Electronics
INV-125151,STK0008,Toaster,41,2023-08-01,35.0,10079,Italy,8,Home
INV-534153,STK0001,Smartphone,22,2023-08-06,499.0,10002,Netherlands,1,Electronics
INV-823535,STK0005,Jeans,17,2024-06-02,39.0,10071,Spain,5,Clothing
INV-904291,STK0001,Smartphone,8,2025-01-11,499.0,10073,Portugal,1,Electronics
INV-130531,STK0003,Headphones,13,2024-11-19,59.0,10062,Ireland,3,Electronics
INV-935981,STK0001,Smartphone,42,2024-04-16,499.0,10069,Spain,1,Electronics
INV-584935,STK0007,Blender,48,2024-08-01,45.0,10093,Spain,7,Home
INV-682145,STK0009,Desk Lamp,2,2025-03-29,25.0,10046,Germany,9,Home
INV-256557,STK0005,Jeans,2,2024-07-01,39.0,10022,Portugal,5,Clothing
INV-735111,STK0007,Blender,12,2025-02-08,45.0,10040,Spain,7,Home
INV-844321,STK0001,Smartphone,18,2023-09-01,499.0,10048,Ireland,1,Electronics
INV-969749,STK0005,Jeans,14,2024-01-19,39.0,10005,Netherlands,5,Clothing
INV-197102,STK0008,Toaster,33,2024-05-27,35.0,10020,Netherlands,8,Home
INV-456637,STK0008,Toaster,47,2023-12-02,35.0,10019,Germany,8,Home
INV-962074,STK0009,Desk Lamp,44,2023-02-07,25.0,10059,Italy,9,Home
INV-848344,STK0009,Desk Lamp,-8,2024-12-04,25.0,10077,Germany,9,Home
INV-449479,STK0008,Toaster,3,2025-02-02,35.0,10040,United Kingdom,8,Home
INV-705615,STK0005,Jeans,41,2023-07-17,39.0,10037,Norway,5,Clothing
INV-658131,STK0006,Sneakers,50,2023-06-02,79.0,10021,Norway,6,Clothing
INV-220020,STK0001,Smartphone,40,2024-07-09,499.0,10045,Belgium,1,Electronics
INV-433955,STK0005,Jeans,10,2024-08-10,39.0,10032,France,5,Clothing
INV-174703,STK0005,Jeans,40,2023-02-21,39.0,10017,United Kingdom,5,Clothing
INV-593602,STK0001,Smartphone,7,2024-02-06,499.0,10023,Portugal,1,Electronics
INV-721549,STK0008,Toaster,40,2023-07-22,35.0,10092,Belgium,8,Home
INV-182361,STK0008,Toaster,37,2025-07-30,35.0,10090,Ireland,8,Home
INV-201987,STK0008,Toaster,20,2024-04-21,35.0,10061,Netherlands,8,Home
INV-334665,STK0003,Headphones,40,2023-07-07,59.0,10090,Spain,3,Electronics
INV-927094,STK0006,Sneakers,30,2023-04-26,79.0,10045,Ireland,6,Clothing
INV-583646,STK0003,Headphones,19,2023-05-11,59.0,10066,Germany,3,Electronics
INV-525392,STK0002,Laptop,21,2023-11-06,999.0,10069,Ireland,2,Electronics
INV-520286,STK0010,Novel Book,27,2023-06-12,12.0,10062,Italy,10,Books
INV-169268,STK0006,Sneakers,14,2025-03-14,79.0,10056,Portugal,6,Clothing
INV-925571,STK0006,Sneakers,35,2024-11-16,79.0,10010,Portugal,6,Clothing
INV-977394,STK0008,Toaster,8,2024-07-22,35.0,10013,Ireland,8,Home
INV-284731,STK0005,Jeans,26,2025-04-13,39.0,10077,Italy,5,Clothing
INV-443312,STK0008,Toaster,42,2025-04-16,35.0,10018,Portugal,8,Home
INV-891662,STK0001,Smartphone,49,2024-06-28,499.0,10038,Italy,1,Electronics
INV-745474,STK0010,Novel Book,29,2023-11-21,12.0,10039,Portugal,10,Books
INV-932932,STK0005,Jeans,28,2023-04-02,39.0,10075,United Kingdom,5,Clothing
INV-741194,STK0009,Desk Lamp,26,2023-03-05,25.0,10048,Belgium,9,Home
INV-155708,STK0001,Smartphone,46,2023-04-23,499.0,10037,United Kingdom,1,Electronics
INV-346668,STK0007,Blender,45,2024-12-29,45.0,10049,Italy,7,Home
INV-500099,STK0007,Blender,35,2023-05-23,45.0,10025,Belgium,7,Home
INV-503277,STK0006,Sneakers,27,2024-11-17,79.0,10017,France,6,Clothing
INV-112166,STK0002,Laptop,-42,2024-05-13,999.0,10085,Italy,2,Electronics
INV-242371,STK0002,Laptop,9,2024-04-11,999.0,10090,Portugal,2,Electronics
INV-546383,STK0010,Novel Book,12,2025-04-19,12.0,10058,Italy,10,Books
INV-472566,STK0004,T-Shirt,12,2024-05-25,0.0,10094,Netherlands,4,Clothing
INV-846722,STK0009,Desk Lamp,18,2024-01-11,25.0,10005,United Kingdom,9,Home
INV-695748,STK0008,Toaster,46,2024-12-08,35.0,10011,France,8,Home
INV-865654,STK0009,Desk Lamp,49,2023-03-22,25.0,10067,Portugal,9,Home
INV-192742,STK0004,T-Shirt,31,2024-11-15,19.0,10010,Belgium,4,Clothing
INV-936866,STK0010,Novel Book,20,2024-07-01,12.0,10100,United Kingdom,10,Books
INV-591644,STK0008,Toaster,33,2023-12-06,35.0,10054,Spain,8,Home
INV-936997,STK0005,Jeans,19,2024-09-03,39.0,10096,Norway,5,Clothing
INV-862285,STK0010,Novel Book,17,2023-06-23,12.0,10074,United Kingdom,10,Books
INV-788201,STK0005,Jeans,48,2023-03-26,39.0,10017,Belgium,5,Clothing
INV-180595,STK0005,Jeans,17,2025-05-28,39.0,10033,United Kingdom,5,Clothing
INV-877444,STK0002,Laptop,39,2023-06-04,999.0,10085,Ireland,2,Electronics
INV-487728,STK0003,Headphones,17,2023-07-05,59.0,10068,United Kingdom,3,Electronics
INV-459502,STK0002,Laptop,10,2025-05-07,999.0,10064,Italy,2,Electronics
INV-907789,STK0007,Blender,16,2023-06-21,45.0,10027,Portugal,7,Home
INV-870033,STK0006,Sneakers,4,2023-04-29,79.0,10007,France,6,Clothing
INV-586554,STK0007,Blender,31,2025-02-09,45.0,10069,Netherlands,7,Home
INV-498249,STK0007,Blender,31,2024-03-21,45.0,10002,Norway,7,Home
INV-936039,STK0008,Toaster,25,2024-11-30,35.0,10006,Germany,8,Home
INV-657101,STK0006,Sneakers,28,2023-10-07,79.0,10043,Norway,6,Clothing
INV-380061,STK0002,Laptop,17,2025-03-02,999.0,10087,Netherlands,2,Electronics
INV-869983,STK0010,Novel Book,50,2024-12-07,12.0,10024,Spain,10,Books
INV-674213,STK0001,Smartphone,-44,2024-02-26,499.0,10013,Belgium,1,Electronics
INV-208954,STK0008,Toaster,23,2023-07-17,35.0,10005,United Kingdom,8,Home
INV-749485,STK0002,Laptop,4,2025-05-05,999.0,10028,Portugal,2,Electronics
INV-769078,STK0002,Laptop,46,2024-09-11,999.0,10017,Italy,2,Electronics
INV-788279,STK0010,Novel Book,12,2023-09-17,12.0,10038,Ireland,10,Books
INV-792561,STK0002,Laptop,41,2025-02-26,999.0,10055,Spain,2,Electronics
INV-369836,STK0003,Headphones,50,2024-01-27,59.0,10050,Spain,3,Electronics
INV-162976,STK0005,Jeans,17,2025-08-08,39.0,10026,Portugal,5,Clothing
INV-511707,STK0003,Headphones,42,2025-02-26,59.0,10056,Netherlands,3,Electronics
INV-743790,STK0002,Laptop,29,2023-03-16,999.0,10010,Portugal,2,Electronics
INV-862886,STK0005,Jeans,50,2023-06-02,39.0,10084,United Kingdom,5,Clothing
INV-139673,STK0007,Blender,18,2024-02-05,45.0,10074,United Kingdom,7,Home
INV-640418,STK0008,Toaster,31,2025-03-10,35.0,10009,Belgium,8,Home
INV-336817,STK0001,Smartphone,25,2024-05-08,499.0,10016,Portugal,1,Electronics
INV-661307,STK0006,Sneakers,22,2024-10-09,79.0,10083,Germany,6,Clothing
INV-483102,STK0009,Desk Lamp,22,2025-02-23,25.0,10038,Netherlands,9,Home
INV-285197,STK0009,Desk Lamp,3,2023-11-03,25.0,10090,Italy,9,Home
INV-211954,STK0006,Sneakers,32,2025-01-22,79.0,10025,France,6,Clothing
INV-137432,STK0004,T-Shirt,2,2024-05-15,19.0,10050,Germany,4,Clothing
INV-931247,STK0009,Desk Lamp,42,2025-05-04,25.0,10058,United Kingdom,9,Home
INV-138842,STK0006,Sneakers,4,2024-02-20,79.0,10016,Netherlands,6,Clothing
INV-946309,STK0009,Desk Lamp,30,2024-07-03,25.0,10020,Portugal,9,Home
INV-344303,STK0002,Laptop,3,2023-01-20,999.0,10061,Portugal,2,Electronics
INV-148026,STK0004,T-Shirt,45,2024-10-09,0.0,10007,Norway,4,Clothing
INV-960607,STK0002,Laptop,30,2023-03-07,999.0,10014,Germany,2,Electronics
INV-621292,STK0010,Novel Book,40,2024-03-12,12.0,10044,Italy,10,Books
INV-439984,STK0002,Laptop,44,2025-05-06,999.0,10028,United Kingdom,2,Electronics
INV-721894,STK0003,Headphones,22,2025-02-14,59.0,10054,France,3,Electronics
INV-830119,STK0006,Sneakers,36,2024-08-18,79.0,10006,France,6,Clothing
INV-204823,STK0010,Novel Book,25,2024-05-13,0.0,10011,United Kingdom,10,Books
INV-107574,STK0003,Headphones,6,2023-10-18,59.0,10054,Ireland,3,Electronics
INV-825990,STK0003,Headphones,14,2024-04-06,59.0,10053,Netherlands,3,Electronics
INV-283027,STK0010,Novel Book,45,2024-05-26,12.0,10079,Germany,10,Books
INV-757658,STK0005,Jeans,23,2023-07-16,39.0,10016,Belgium,5,Clothing
INV-200331,STK0010,Novel Book,24,2024-06-03,12.0,10029,Ireland,10,Books
INV-907750,STK0004,T-Shirt,18,2023-06-02,19.0,10088,Ireland,4,Clothing
INV-621682,STK0003,Headphones,11,2024-10-22,59.0,10047,Norway,3,Electronics
INV-319770,STK0007,Blender,17,2025-02-15,45.0,10059,United Kingdom,7,Home
INV-209493,STK0001,Smartphone,35,2024-05-11,499.0,10066,Germany,1,Electronics
INV-174301,STK0004,T-Shirt,47,2024-03-05,19.0,10026,Spain,4,Clothing
INV-341238,STK0002,Laptop,21,2024-02-27,999.0,10026,Italy,2,Electronics
INV-331381,STK0002,Laptop,31,2024-03-22,999.0,10019,Netherlands,2,Electronics
INV-739037,STK0008,Toaster,12,2025-01-07,35.0,10025,Spain,8,Home
INV-382795,STK0004,T-Shirt,22,2023-03-03,19.0,10036,France,4,Clothing
INV-216506,STK0008,Toaster,30,2023-08-14,35.0,10038,Portugal,8,Home
INV-264404,STK0010,Novel Book,11,2023-08-24,12.0,10012,Italy,10,Books
INV-998602,STK0009,Desk Lamp,32,2024-04-29,25.0,10060,Norway,9,Home
INV-115208,STK0007,Blender,48,2024-03-20,45.0,10075,Netherlands,7,Home
INV-720517,STK0003,Headphones,37,2023-02-15,59.0,10006,Ireland,3,Electronics
INV-869105,STK0009,Desk Lamp,3,2025-04-09,25.0,10090,Germany,9,Home
INV-574419,STK0008,Toaster,16,2024-12-10,35.0,10094,Italy,8,Home
INV-328596,STK0003,Headphones,23,2023-04-03,59.0,10003,Ireland,3,Electronics
INV-801534,STK0005,Jeans,11,2025-02-04,39.0,10075,United Kingdom,5,Clothing
INV-576935,STK0008,Toaster,50,2023-07-09,35.0,10048,Ireland,8,Home
INV-838094,STK0001,Smartphone,41,2023-12-07,499.0,10068,United Kingdom,1,Electronics
INV-410997,STK0007,Blender,49,2024-07-09,45.0,10074,Netherlands,7,Home
INV-925954,STK0002,Laptop,40,2023-02-26,999.0,10066,Spain,2,Electronics
INV-154067,STK0002,Laptop,25,2024-01-10,999.0,10047,France,2,Electronics
INV-779658,STK0009,Desk Lamp,46,2023-07-29,25.0,10018,Spain,9,Home
INV-350224,STK0009,Desk Lamp,8,2025-02-09,25.0,10075,Netherlands,9,Home
INV-889759,STK0004,T-Shirt,21,2024-11-27,19.0,10055,Norway,4,Clothing
INV-157105,STK0002,Laptop,24,2024-06-23,999.0,10016,Ireland,2,Electronics
INV-844305,STK0009,Desk Lamp,44,2024-04-07,25.0,10080,Spain,9,Home
INV-938759,STK0002,Laptop,13,2023-03-24,999.0,10051,France,2,Electronics
INV-402380,STK0002,Laptop,7,2023-06-01,999.0,10064,France,2,Electronics
INV-314178,STK0009,Desk Lamp,41,2024-11-29,25.0,10070,France,9,Home
INV-596925,STK0006,Sneakers,27,2023-10-26,79.0,10025,Germany,6,Clothing
INV-123107,STK0004,T-Shirt,34,2023-12-18,19.0,10084,Spain,4,Clothing
INV-609763,STK0010,Novel Book,43,2024-03-31,12.0,10059,Norway,10,Books
INV-694806,STK0003,Headphones,20,2024-05-10,59.0,10048,Norway,3,Electronics
INV-907141,STK0001,Smartphone,10,2023-06-20,499.0,10080,France,1,Electronics
INV-846389,STK0009,Desk Lamp,19,2024-12-26,25.0,10089,France,9,Home
INV-269087,STK0004,T-Shirt,8,2023-05-10,19.0,10057,Norway,4,Clothing
INV-487629,STK0003,Headphones,14,2023-11-21,59.0,10045,France,3,Electronics
INV-491029,STK0008,Toaster,35,2023-05-05,35.0,10004,Italy,8,Home
INV-623676,STK0003,Headphones,30,2025-01-26,59.0,10070,Belgium,3,Electronics
INV-447372,STK0005,Jeans,31,2025-02-11,39.0,10074,France,5,Clothing
INV-938416,STK0010,Novel Book,47,2024-12-06,12.0,10015,Ireland,10,Books
INV-142027,STK0003,Headphones,44,2024-02-16,59.0,10080,Netherlands,3,Electronics
INV-567636,STK0006,Sneakers,6,2023-07-19,79.0,10075,Belgium,6,Clothing
INV-332934,STK0005,Jeans,13,2024-04-01,39.0,10087,Germany,5,Clothing
INV-636648,STK0007,Blender,13,2024-06-07,45.0,10008,Spain,7,Home
INV-516869,STK0003,Headphones,46,2024-01-17,59.0,10002,Norway,3,Electronics
INV-461675,STK0006,Sneakers,20,2023-03-31,79.0,10028,Ireland,6,Clothing
INV-877548,STK0007,Blender,29,2025-07-08,45.0,10055,Italy,7,Home
INV-246347,STK0010,Novel Book,39,2024-05-01,12.0,10068,Spain,10,Books
INV-169327,STK0010,Novel Book,49,2024-10-16,0.0,10035,Italy,10,Books
INV-283388,STK0009,Desk Lamp,30,2023-05-21,25.0,10026,France,9,Home
INV-972712,STK0007,Blender,19,2025-04-26,45.0,10039,Portugal,7,Home
INV-418677,STK0008,Toaster,36,2025-03-21,35.0,10001,France,8,Home
INV-375436,STK0005,Jeans,41,2024-10-31,39.0,10086,Norway,5,Clothing
